id,name,address,city,state,phone,website,source,source_url,keyword,confidence_score,collected_at
"cmp-3ef5acc5","Diverse Staffing Dallas","3208 Belt Line Rd Suite 208, Dallas, TX 75234, USA","Dallas","TX","(469) 986-2979","https://www.diversestaffing.com","google_places","https://maps.google.com/?cid=13210795051004517768&g_mp=Cidnb29nbGUubWFwcy5wbGFjZXMudjEuUGxhY2VzLlNlYXJjaFRleHQQAhgEIAA","IT staffing","0.94","2026-04-24T02:59:51.978Z"
"cmp-a9aa41cb","Onin Staffing","13260 Josey Ln Suite 113, Farmers Branch, TX 75234, USA","Dallas","TX","(972) 484-8300","http://www.oninstaffing.com","google_places","https://maps.google.com/?cid=12166429877389157439&g_mp=Cidnb29nbGUubWFwcy5wbGFjZXMudjEuUGxhY2VzLlNlYXJjaFRleHQQAhgEIAA","IT staffing","0.94","2026-04-24T02:59:51.980Z"
"cmp-b94093bb","Memco Staffing","1860 Crown Dr #1400, Farmers Branch, TX 75234, USA","Dallas","TX","(972) 556-1867","http://www.memcostaffing.com","google_places","https://maps.google.com/?cid=16866367360526606258&g_mp=Cidnb29nbGUubWFwcy5wbGFjZXMudjEuUGxhY2VzLlNlYXJjaFRleHQQAhgEIAA","IT staffing","0.94","2026-04-24T02:59:51.980Z"
"cmp-a8ed0f0a","Timeline Staffing, LLC","13601 Preston Rd Suite 106, Dallas, TX 75240, USA","Dallas","TX","(214) 677-0812","http://timelinestaffing.com","google_places","https://maps.google.com/?cid=10792544957695710477&g_mp=Cidnb29nbGUubWFwcy5wbGFjZXMudjEuUGxhY2VzLlNlYXJjaFRleHQQAhgEIAA","IT staffing","0.94","2026-04-24T02:59:51.980Z"
"cmp-6c322072","Pridestaff","14850 Quorum Dr Suite 205, Dallas, TX 75254, USA","Dallas","TX","(972) 661-1616","https://www.staffingindallas.com","google_places","https://maps.google.com/?cid=18157340036990638150&g_mp=Cidnb29nbGUubWFwcy5wbGFjZXMudjEuUGxhY2VzLlNlYXJjaFRleHQQAhgEIAA","IT staffing","0.94","2026-04-24T02:59:51.981Z"
"cmp-c37e99bc","Integra Staffing, Inc.","16475 Dallas Pkwy #185, Addison, TX 75001, USA","Dallas","TX","(972) 972-8180","http://www.integrastaffinginc.com","google_places","https://maps.google.com/?cid=13780740156219229609&g_mp=Cidnb29nbGUubWFwcy5wbGFjZXMudjEuUGxhY2VzLlNlYXJjaFRleHQQAhgEIAA","IT staffing","0.94","2026-04-24T02:59:51.981Z"
"cmp-9dc911b4","Cornerstone Staffing","1845 Woodall Rodgers Fwy #1550, Dallas, TX 75201, USA","Dallas","TX","(214) 785-6700","https://www.cornerstonestaffing.com/locations-contact-us/dallas","google_places","https://maps.google.com/?cid=14020812412527737512&g_mp=Cidnb29nbGUubWFwcy5wbGFjZXMudjEuUGxhY2VzLlNlYXJjaFRleHQQAhgEIAA","IT staffing","0.94","2026-04-24T02:59:51.981Z"
"cmp-90eb1bb3","High Profile Staffing","17250 Dallas Pkwy, Dallas, TX 75248, USA","Dallas","TX","(972) 991-7900","http://www.highprofilestaffing.com","google_places","https://maps.google.com/?cid=3698029248486582118&g_mp=Cidnb29nbGUubWFwcy5wbGFjZXMudjEuUGxhY2VzLlNlYXJjaFRleHQQAhgEIAA","IT staffing","0.94","2026-04-24T02:59:51.981Z"
"cmp-5ed42383","Gtn Technical Staffing","5151 Belt Line Rd Ste 700, Dallas, TX 75254, USA","Dallas","TX","(214) 996-9400","https://www.gtntechnicalstaffing.com","google_places","https://maps.google.com/?cid=11232503351556304726&g_mp=Cidnb29nbGUubWFwcy5wbGFjZXMudjEuUGxhY2VzLlNlYXJjaFRleHQQAhgEIAA","IT staffing","0.94","2026-04-24T02:59:51.981Z"
"cmp-d1f6b929","A+ Staffing","3626 N Hall St #620, Dallas, TX 75219, USA","Dallas","TX","(214) 357-9500","https://apluspeople.com","google_places","https://maps.google.com/?cid=11710967025847677377&g_mp=Cidnb29nbGUubWFwcy5wbGFjZXMudjEuUGxhY2VzLlNlYXJjaFRleHQQAhgEIAA","IT staffing","0.94","2026-04-24T02:59:51.981Z"
"cmp-68a874e5","Burnett'S Staffing","8117 Preston Rd Suite 300, Dallas, TX 75225, USA","Dallas","TX","(972) 385-7600","http://www.burnetts.com","google_places","https://maps.google.com/?cid=6628530324525282704&g_mp=Cidnb29nbGUubWFwcy5wbGFjZXMudjEuUGxhY2VzLlNlYXJjaFRleHQQAhgEIAA","IT staffing","0.94","2026-04-24T02:59:51.981Z"
"cmp-af9289e7","Tekk Force","16910 Dallas Pkwy #212, Dallas, TX 75248, USA","Dallas","TX","(817) 417-9800","http://www.tekkforce.com","google_places","https://maps.google.com/?cid=10538424713934982974&g_mp=Cidnb29nbGUubWFwcy5wbGFjZXMudjEuUGxhY2VzLlNlYXJjaFRleHQQAhgEIAA","IT staffing","0.94","2026-04-24T02:59:51.981Z"
"cmp-ebbbfcc6","Cornerstone Staffing","5080 Spectrum Dr Suite Ste 580E, Addison, TX 75001, USA","Dallas","TX","(972) 242-4888","https://www.cornerstonestaffing.com/locations-contact-us/addison","google_places","https://maps.google.com/?cid=10136989114691011463&g_mp=Cidnb29nbGUubWFwcy5wbGFjZXMudjEuUGxhY2VzLlNlYXJjaFRleHQQAhgEIAA","IT staffing","0.94","2026-04-24T02:59:51.982Z"
"cmp-a17259c8","Staffing For Texans","13615 Inwood Rd Suite 115, Farmers Branch, TX 75244, USA","Dallas","TX","(972) 417-1240","https://staffingfortexans.com","google_places","https://maps.google.com/?cid=9382827497027651677&g_mp=Cidnb29nbGUubWFwcy5wbGFjZXMudjEuUGxhY2VzLlNlYXJjaFRleHQQAhgEIAA","IT staffing","0.94","2026-04-24T02:59:51.982Z"
"cmp-c31f31cc","Integrity Staffing Solutions","100 Decker Ct Suite 160, Irving, TX 75062, USA","Dallas","TX","(469) 947-7700","http://integritystaffing.com","google_places","https://maps.google.com/?cid=2125871480296112439&g_mp=Cidnb29nbGUubWFwcy5wbGFjZXMudjEuUGxhY2VzLlNlYXJjaFRleHQQAhgEIAA","IT staffing","0.94","2026-04-24T02:59:51.982Z"
"cmp-a4928fe8","Motion Recruitment","2323 Victory Ave #540, Dallas, TX 75219, USA","Dallas","TX","(469) 458-9486","https://motionrecruitment.com/about/locations/dallas-fort-worth-it-staffing-recruiting?utm_source?utm_source=google-business&utm_medium=organic&utm_campaign=dallas","google_places","https://maps.google.com/?cid=2423515495719205647&g_mp=Cidnb29nbGUubWFwcy5wbGFjZXMudjEuUGxhY2VzLlNlYXJjaFRleHQQAhgEIAA","IT staffing","0.94","2026-04-24T02:59:51.982Z"
"cmp-9b202b98","Dreamjob Staffing","910 S Pearl Expy, Dallas, TX 75201, USA","Dallas","TX","(888) 713-7326","https://staffingdreamjob.com","google_places","https://maps.google.com/?cid=926070719925009319&g_mp=Cidnb29nbGUubWFwcy5wbGFjZXMudjEuUGxhY2VzLlNlYXJjaFRleHQQAhgEIAA","IT staffing","0.94","2026-04-24T02:59:51.982Z"
"cmp-0b0c4816","Frontline Source Group","4245 N Central Expy #300, Dallas, TX 75205, USA","Dallas","TX","(214) 744-5627","https://www.frontlinesourcegroup.com/dallas.html","google_places","https://maps.google.com/?cid=10193961178596799089&g_mp=Cidnb29nbGUubWFwcy5wbGFjZXMudjEuUGxhY2VzLlNlYXJjaFRleHQQAhgEIAA","IT staffing","0.94","2026-04-24T02:59:51.982Z"
"cmp-cbf25f54","Teamwrx Dallas-Fort Worth","8585 N Stemmons Fwy Ste. 104 N, Dallas, TX 75247, USA","Dallas","TX","(469) 776-0095","https://teamwrxstaff.com/dallas-fort-worth","google_places","https://maps.google.com/?cid=16895832651869178668&g_mp=Cidnb29nbGUubWFwcy5wbGFjZXMudjEuUGxhY2VzLlNlYXJjaFRleHQQAhgEIAA","IT staffing","0.94","2026-04-24T02:59:51.982Z"
"cmp-f63c4457","Mts Dallas Temps","7320 Hines Pl, Dallas, TX 75235, USA","Dallas","TX","(214) 638-8600","http://mtsdallastemps.com","google_places","https://maps.google.com/?cid=13412265029803257499&g_mp=Cidnb29nbGUubWFwcy5wbGFjZXMudjEuUGxhY2VzLlNlYXJjaFRleHQQAhgEIAA","IT staffing","0.94","2026-04-24T02:59:51.982Z"
"cmp-b6e22b4d","Staff Force Personnel Services - Austin","4631 Airport Blvd #131, Austin, TX 78751, USA","Austin","TX","(512) 458-5500","http://www.staff-force.com","google_places","https://maps.google.com/?cid=15909692130305202547&g_mp=Cidnb29nbGUubWFwcy5wbGFjZXMudjEuUGxhY2VzLlNlYXJjaFRleHQQAhgEIAA","IT staffing","0.94","2026-04-24T02:59:52.250Z"
"cmp-412bfe86","Scion Staffing","8120 Research Blvd Suite 105 #275, Austin, TX 78758, USA","Austin","TX","(512) 291-3199","https://www.scionstaffingaustin.com","google_places","https://maps.google.com/?cid=14071495999097895812&g_mp=Cidnb29nbGUubWFwcy5wbGFjZXMudjEuUGxhY2VzLlNlYXJjaFRleHQQAhgEIAA","IT staffing","0.94","2026-04-24T02:59:52.250Z"
"cmp-20cec494","Reliable Staffing","100 Congress Ave. Suite #2000, Austin, TX 78701, USA","Austin","TX","(512) 977-9675","http://reliablestaffing.com/austin","google_places","https://maps.google.com/?cid=5527266710998119346&g_mp=Cidnb29nbGUubWFwcy5wbGFjZXMudjEuUGxhY2VzLlNlYXJjaFRleHQQAhgEIAA","IT staffing","0.94","2026-04-24T02:59:52.250Z"
"cmp-e10eac6d","The Ht Group","9600 Great Hills Trl, Austin, TX 78759, USA","Austin","TX","(512) 533-9700","https://www.thehtgroup.com","google_places","https://maps.google.com/?cid=12872371727035661400&g_mp=Cidnb29nbGUubWFwcy5wbGFjZXMudjEuUGxhY2VzLlNlYXJjaFRleHQQAhgEIAA","IT staffing","0.94","2026-04-24T02:59:52.250Z"
"cmp-e01f18ba","The A List Staffing","505 E Huntland Dr #190, Austin, TX 78752, USA","Austin","TX","(512) 458-5271","http://www.thealiststaffing.com","google_places","https://maps.google.com/?cid=12506260670051750891&g_mp=Cidnb29nbGUubWFwcy5wbGFjZXMudjEuUGxhY2VzLlNlYXJjaFRleHQQAhgEIAA","IT staffing","0.94","2026-04-24T02:59:52.250Z"
"cmp-ed1ecdf6","Adecco Staffing","2438 W Anderson Ln. Suite A-2, Austin, TX 78757, USA","Austin","TX","(512) 454-5211","https://www.adecco.com/en-us/locations/texas/austin/adecco-staffing-austin-tx-adus_027673","google_places","https://maps.google.com/?cid=12482482425273598428&g_mp=Cidnb29nbGUubWFwcy5wbGFjZXMudjEuUGxhY2VzLlNlYXJjaFRleHQQAhgEIAA","IT staffing","0.94","2026-04-24T02:59:52.250Z"
"cmp-d326f170","Ultimate Staffing Services","9600 Great Hills Trl Suite 150W, Austin, TX 78759, USA","Austin","TX","(512) 795-8635","https://www.ultimatestaffing.com/locations/view/austin","google_places","https://maps.google.com/?cid=13901132884217431418&g_mp=Cidnb29nbGUubWFwcy5wbGFjZXMudjEuUGxhY2VzLlNlYXJjaFRleHQQAhgEIAA","IT staffing","0.94","2026-04-24T02:59:52.250Z"
"cmp-047dfaa9","Hire Up Staffing Services","9430 Research Blvd I | Suite 100, Austin, TX 78759, USA","Austin","TX","(512) 647-1487","http://www.hireupss.com","google_places","https://maps.google.com/?cid=15477701912927832422&g_mp=Cidnb29nbGUubWFwcy5wbGFjZXMudjEuUGxhY2VzLlNlYXJjaFRleHQQAhgEIAA","IT staffing","0.94","2026-04-24T02:59:52.250Z"
"cmp-654c4807","Express Employment Professionals","8900 Shoal Creek Blvd #125, Austin, TX 78757, USA","Austin","TX","(512) 453-3838","https://www.expresspros.com/us-texas-austin-north","google_places","https://maps.google.com/?cid=2102301810202251106&g_mp=Cidnb29nbGUubWFwcy5wbGFjZXMudjEuUGxhY2VzLlNlYXJjaFRleHQQAhgEIAA","IT staffing","0.94","2026-04-24T02:59:52.250Z"
"cmp-cb410675","Recruitability","300 E Highland Mall Blvd #110, Austin, TX 78752, USA","Austin","TX","(512) 744-9073","http://www.therecruitability.com","google_places","https://maps.google.com/?cid=1943928241379878851&g_mp=Cidnb29nbGUubWFwcy5wbGFjZXMudjEuUGxhY2VzLlNlYXJjaFRleHQQAhgEIAA","IT staffing","0.94","2026-04-24T02:59:52.250Z"
"cmp-d1203f38","Penn Apartment Staffing","3508 Far W Blvd # 175, Austin, TX 78731, USA","Austin","TX","(512) 714-3901","http://www.pennapartmentstaffing.com","google_places","https://maps.google.com/?cid=5351786959620562414&g_mp=Cidnb29nbGUubWFwcy5wbGFjZXMudjEuUGxhY2VzLlNlYXJjaFRleHQQAhgEIAA","IT staffing","0.94","2026-04-24T02:59:52.250Z"
"cmp-a22c9cae","Ati Solutions, Inc","1401 Lavaca St #579, Austin, TX 78701, USA","Austin","TX","(737) 301-9117","https://atisolutionsinc.com","google_places","https://maps.google.com/?cid=1421543391160350262&g_mp=Cidnb29nbGUubWFwcy5wbGFjZXMudjEuUGxhY2VzLlNlYXJjaFRleHQQAhgEIAA","IT staffing","0.94","2026-04-24T02:59:52.250Z"
"cmp-5f186a35","Aerotek","8611 N Mopac Expy #400, Austin, TX 78759, USA","Austin","TX","(512) 257-6900","https://www.aerotek.com/en/locations/united-states/texas/austin?ecid=ls_aero_bizlist_091222_seo7123020","google_places","https://maps.google.com/?cid=8530674739083494387&g_mp=Cidnb29nbGUubWFwcy5wbGFjZXMudjEuUGxhY2VzLlNlYXJjaFRleHQQAhgEIAA","IT staffing","0.94","2026-04-24T02:59:52.250Z"
"cmp-cff29473","Insight Global","401 N Congress Ave Suite 1600, Austin, TX 78701, USA","Austin","TX","(855) 485-8732","https://insightglobal.com/locations/texas/staffing-agency-austin-tx/?utm_source=gmb&utm_medium=Yext","google_places","https://maps.google.com/?cid=9357249539082571071&g_mp=Cidnb29nbGUubWFwcy5wbGFjZXMudjEuUGxhY2VzLlNlYXJjaFRleHQQAhgEIAA","IT staffing","0.94","2026-04-24T02:59:52.250Z"
"cmp-923f9507","Snelling Staffing","1524 S I-35 Frontage Rd #340, Austin, TX 78704, USA","Austin","TX","(512) 302-5465","https://austin.snelling.com","google_places","https://maps.google.com/?cid=3934651484675426840&g_mp=Cidnb29nbGUubWFwcy5wbGFjZXMudjEuUGxhY2VzLlNlYXJjaFRleHQQAhgEIAA","IT staffing","0.94","2026-04-24T02:59:52.250Z"
"cmp-47c718f6","Core Personnel Staffing Services","8000 Anderson Square #101, Austin, TX 78757, USA","Austin","TX","(737) 279-7640","","google_places","https://maps.google.com/?cid=586702440677346155&g_mp=Cidnb29nbGUubWFwcy5wbGFjZXMudjEuUGxhY2VzLlNlYXJjaFRleHQQAhgEIAA","IT staffing","0.94","2026-04-24T02:59:52.250Z"
"cmp-afdaf50f","Building Team Solutions, Inc","7103 E Riverside Dr, Austin, TX 78741, USA","Austin","TX","","https://btsjobs.com","google_places","https://maps.google.com/?cid=10507471092169635378&g_mp=Cidnb29nbGUubWFwcy5wbGFjZXMudjEuUGxhY2VzLlNlYXJjaFRleHQQAhgEIAA","IT staffing","0.94","2026-04-24T02:59:52.250Z"
"cmp-bffbbba0","I.T. Staffing","2500 Wilcrest Dr, Houston, TX 77042, USA","Houston","TX","(713) 361-1270","https://www.it-staffing.com","google_places","https://maps.google.com/?cid=4954534457981695321&g_mp=Cidnb29nbGUubWFwcy5wbGFjZXMudjEuUGxhY2VzLlNlYXJjaFRleHQQAhgEIAA","IT staffing","0.94","2026-04-24T02:59:52.599Z"
"cmp-38c8b23b","Integrated Staffing & Payroll Solutions, LLC","12254 Queenston Blvd Ste B, Houston, TX 77095, USA","Houston","TX","(281) 766-4132","http://integratedstaffingllc.com","google_places","https://maps.google.com/?cid=11016603094766794534&g_mp=Cidnb29nbGUubWFwcy5wbGFjZXMudjEuUGxhY2VzLlNlYXJjaFRleHQQAhgEIAA","IT staffing","0.94","2026-04-24T02:59:52.599Z"
"cmp-b3c95eb9","Link Staffing","9555 W Sam Houston Pkwy S Suite 120, Houston, TX 77099, USA","Houston","TX","(713) 341-0992","https://linkstaffing.com/locations/houston-west","google_places","https://maps.google.com/?cid=1830167997054554589&g_mp=Cidnb29nbGUubWFwcy5wbGFjZXMudjEuUGxhY2VzLlNlYXJjaFRleHQQAhgEIAA","IT staffing","0.94","2026-04-24T02:59:52.599Z"
"cmp-45b386ad","Core Personnel Staffing Services","11200 Northwest Fwy Suite 700, Houston, TX 77092, USA","Houston","TX","(832) 916-4165","","google_places","https://maps.google.com/?cid=6223627494215715973&g_mp=Cidnb29nbGUubWFwcy5wbGFjZXMudjEuUGxhY2VzLlNlYXJjaFRleHQQAhgEIAA","IT staffing","0.94","2026-04-24T02:59:52.599Z"
"cmp-a92e4bf3","Itm Staffing Enterprise LLC","3120 Southwest Fwy ste 101, Houston, TX 77098, USA","Houston","TX","(832) 387-6255","https://itmstaffing.com","google_places","https://maps.google.com/?cid=2419277794625541995&g_mp=Cidnb29nbGUubWFwcy5wbGFjZXMudjEuUGxhY2VzLlNlYXJjaFRleHQQAhgEIAA","IT staffing","0.94","2026-04-24T02:59:52.599Z"
"cmp-0b9841ef","Ultimate Staffing Services","2 Riverway Dr Ste 1065, Houston, TX 77056, USA","Houston","TX","(713) 622-8774","https://www.ultimatestaffing.com/locations/view/houston-galleria","google_places","https://maps.google.com/?cid=3077440011470357369&g_mp=Cidnb29nbGUubWFwcy5wbGFjZXMudjEuUGxhY2VzLlNlYXJjaFRleHQQAhgEIAA","IT staffing","0.94","2026-04-24T02:59:52.599Z"
"cmp-c0fac57e","Tpi Staffing Inc.","21840 Northwest Fwy, Cypress, TX 77429, USA","Houston","TX","(281) 890-2220","http://www.tpistaffing.com","google_places","https://maps.google.com/?cid=4584679077223457341&g_mp=Cidnb29nbGUubWFwcy5wbGFjZXMudjEuUGxhY2VzLlNlYXJjaFRleHQQAhgEIAA","IT staffing","0.94","2026-04-24T02:59:52.599Z"
"cmp-87f1d81d","New Tech Global Staffing","911 Regional Park Dr, Houston, TX 77060, USA","Houston","TX","(281) 872-9300","https://www.ntstaffing.com","google_places","https://maps.google.com/?cid=747029133447306749&g_mp=Cidnb29nbGUubWFwcy5wbGFjZXMudjEuUGxhY2VzLlNlYXJjaFRleHQQAhgEIAA","IT staffing","0.94","2026-04-24T02:59:52.599Z"
"cmp-00fa8999","Xl Pro Staffing & Consulting","12605 East Fwy #540, Houston, TX 77015, USA","Houston","TX","(713) 670-0084","https://www.xlpro.com","google_places","https://maps.google.com/?cid=7019914330682195795&g_mp=Cidnb29nbGUubWFwcy5wbGFjZXMudjEuUGxhY2VzLlNlYXJjaFRleHQQAhgEIAA","IT staffing","0.94","2026-04-24T02:59:52.599Z"
"cmp-c2883326","A.T. Staffing - Houston","2622 Fondren Rd, Houston, TX 77063, USA","Houston","TX","(713) 521-4623","https://www.advtemp.com","google_places","https://maps.google.com/?cid=496141225495018533&g_mp=Cidnb29nbGUubWFwcy5wbGFjZXMudjEuUGxhY2VzLlNlYXJjaFRleHQQAhgEIAA","IT staffing","0.94","2026-04-24T02:59:52.599Z"
"cmp-def3f00b","Spectris Staffing Group, LLC","3517 Irvington Blvd Ste 201, Houston, TX 77009, USA","Houston","TX","(346) 219-2188","http://www.spectrisstaffing.com","google_places","https://maps.google.com/?cid=8857751706685687915&g_mp=Cidnb29nbGUubWFwcy5wbGFjZXMudjEuUGxhY2VzLlNlYXJjaFRleHQQAhgEIAA","IT staffing","0.94","2026-04-24T02:59:52.599Z"
"cmp-be232be0","Hire Priority Staffing","5161 San Felipe St Ste 320 #7202, Houston, TX 77056, USA","Houston","TX","(713) 960-9906","http://www.hirepriority.com","google_places","https://maps.google.com/?cid=2935567014178137322&g_mp=Cidnb29nbGUubWFwcy5wbGFjZXMudjEuUGxhY2VzLlNlYXJjaFRleHQQAhgEIAA","IT staffing","0.94","2026-04-24T02:59:52.599Z"
"cmp-0ee45de6","Link Staffing","11811 East Fwy Suite 500, Houston, TX 77029, USA","Houston","TX","(713) 455-6700","https://linkstaffing.com/locations/houston-east","google_places","https://maps.google.com/?cid=14877282306819395330&g_mp=Cidnb29nbGUubWFwcy5wbGFjZXMudjEuUGxhY2VzLlNlYXJjaFRleHQQAhgEIAA","IT staffing","0.94","2026-04-24T02:59:52.599Z"
"cmp-b894341a","Burnett Specialists","9800 Richmond Ave #800, Houston, TX 77042, USA","Houston","TX","(713) 977-4777","https://burnettspecialists.com","google_places","https://maps.google.com/?cid=7812634410441663807&g_mp=Cidnb29nbGUubWFwcy5wbGFjZXMudjEuUGxhY2VzLlNlYXJjaFRleHQQAhgEIAA","IT staffing","0.94","2026-04-24T02:59:52.599Z"
"cmp-d018992d","Oncall Staffing Inc","2989 Bingle Rd, Houston, TX 77055, USA","Houston","TX","(713) 812-1976","http://www.oncallstaffinginc.com","google_places","https://maps.google.com/?cid=16713194307356399858&g_mp=Cidnb29nbGUubWFwcy5wbGFjZXMudjEuUGxhY2VzLlNlYXJjaFRleHQQAhgEIAA","IT staffing","0.94","2026-04-24T02:59:52.600Z"
"cmp-b0a9931f","3 Way Staffing LLC.","6127 Telephone Rd, Houston, TX 77087, USA","Houston","TX","(713) 485-5900","http://www.3waystaffing.com","google_places","https://maps.google.com/?cid=8795922638173016316&g_mp=Cidnb29nbGUubWFwcy5wbGFjZXMudjEuUGxhY2VzLlNlYXJjaFRleHQQAhgEIAA","IT staffing","0.94","2026-04-24T02:59:52.600Z"
"cmp-a1b92c58","All-Tex Staffing & Personnel Inc","403 N Loop E Fwy, 13100 NW Freeway Suite 140, Houston, TX 77022, USA","Houston","TX","(713) 864-5000","http://www.alltexpersonnel.com","google_places","https://maps.google.com/?cid=10459022140473066255&g_mp=Cidnb29nbGUubWFwcy5wbGFjZXMudjEuUGxhY2VzLlNlYXJjaFRleHQQAhgEIAA","IT staffing","0.94","2026-04-24T02:59:52.600Z"
"cmp-83fa7bb1","Tmd Staffing","12146 East Fwy, Houston, TX 77029, USA","Houston","TX","(713) 330-4303","https://www.tmdstaffing.com","google_places","https://maps.google.com/?cid=11112621506633132139&g_mp=Cidnb29nbGUubWFwcy5wbGFjZXMudjEuUGxhY2VzLlNlYXJjaFRleHQQAhgEIAA","IT staffing","0.94","2026-04-24T02:59:52.600Z"
"cmp-c312996e","Reliable Staffing","2100 W Loop S Suite 920, Houston, TX 77027, USA","Houston","TX","(713) 789-9675","http://reliablestaffing.com/houston","google_places","https://maps.google.com/?cid=8095023945804551526&g_mp=Cidnb29nbGUubWFwcy5wbGFjZXMudjEuUGxhY2VzLlNlYXJjaFRleHQQAhgEIAA","IT staffing","0.94","2026-04-24T02:59:52.600Z"
"cmp-d81ac894","Kp Staffing","2916 N Belt Line Rd, Irving, TX 75062, USA","Irving","TX","(214) 974-8174","https://www.kpstaffing.com/our-office-locations/irving-office","google_places","https://maps.google.com/?cid=16967852415019092160&g_mp=Cidnb29nbGUubWFwcy5wbGFjZXMudjEuUGxhY2VzLlNlYXJjaFRleHQQAhgEIAA","IT staffing","0.94","2026-04-24T05:06:30.970Z"
"cmp-c24e15bd","Stride Staffing","1814 W Irving Blvd, Irving, TX 75061, USA","Irving","TX","(214) 377-9505","http://www.stridestaffing.com","google_places","https://maps.google.com/?cid=13935497132750693114&g_mp=Cidnb29nbGUubWFwcy5wbGFjZXMudjEuUGxhY2VzLlNlYXJjaFRleHQQAhgEIAA","IT staffing","0.94","2026-04-24T05:06:30.970Z"
"cmp-4ce57f6f","Link Staffing","5601 Executive Dr #100, Irving, TX 75038, USA","Irving","TX","(972) 256-4104","https://linkstaffing.com/locations/irving-dallas","google_places","https://maps.google.com/?cid=12948576390563026715&g_mp=Cidnb29nbGUubWFwcy5wbGFjZXMudjEuUGxhY2VzLlNlYXJjaFRleHQQAhgEIAA","IT staffing","0.94","2026-04-24T05:06:30.970Z"
"cmp-74c2effe","Ameritemps","2915 N Belt Line Rd, Irving, TX 75062, USA","Irving","TX","(972) 721-9675","http://ameritempsdfw.com","google_places","https://maps.google.com/?cid=12958516890703466543&g_mp=Cidnb29nbGUubWFwcy5wbGFjZXMudjEuUGxhY2VzLlNlYXJjaFRleHQQAhgEIAA","IT staffing","0.94","2026-04-24T05:06:30.970Z"
"cmp-14e5e7a9","Ontrack Staffing","2548 N Belt Line Rd, Irving, TX 75062, USA","Irving","TX","(972) 255-1122","http://otstaffing.com","google_places","https://maps.google.com/?cid=6068614351044813751&g_mp=Cidnb29nbGUubWFwcy5wbGFjZXMudjEuUGxhY2VzLlNlYXJjaFRleHQQAhgEIAA","IT staffing","0.94","2026-04-24T05:06:30.970Z"
"cmp-e142d064","Apple Staffing Inc","1537 W Irving Blvd, Irving, TX 75061, USA","Irving","TX","(972) 259-5566","http://www.applestaffing.com","google_places","https://maps.google.com/?cid=1618086849833582898&g_mp=Cidnb29nbGUubWFwcy5wbGFjZXMudjEuUGxhY2VzLlNlYXJjaFRleHQQAhgEIAA","IT staffing","0.94","2026-04-24T05:06:30.970Z"
"cmp-d51aa192","Ascend Staffing","4425 W Airport Fwy # 475, Irving, TX 75062, USA","Irving","TX","(469) 284-0830","http://ascendstaffing.com","google_places","https://maps.google.com/?cid=10794800488354173238&g_mp=Cidnb29nbGUubWFwcy5wbGFjZXMudjEuUGxhY2VzLlNlYXJjaFRleHQQAhgEIAA","IT staffing","0.94","2026-04-24T05:06:30.970Z"
"cmp-5bfd5c27","Lsi Staffing","2301 N O'Connor Rd suite h, Irving, TX 75062, USA","Irving","TX","(972) 986-0600","http://www.lsistaffing.com","google_places","https://maps.google.com/?cid=6697959581989329955&g_mp=Cidnb29nbGUubWFwcy5wbGFjZXMudjEuUGxhY2VzLlNlYXJjaFRleHQQAhgEIAA","IT staffing","0.94","2026-04-24T05:06:30.971Z"
"cmp-8a73bfe8","Cornerstone Staffing","8840 Cypress Waters Blvd #280, Coppell, TX 75019, USA","Irving","TX","(817) 571-6855","https://www.cornerstonestaffing.com/locations-contact-us/Irving","google_places","https://maps.google.com/?cid=11268800313165205950&g_mp=Cidnb29nbGUubWFwcy5wbGFjZXMudjEuUGxhY2VzLlNlYXJjaFRleHQQAhgEIAA","IT staffing","0.94","2026-04-24T05:06:30.971Z"
"cmp-0af84b32","Elwood Staffing","3455 N Belt Line Rd Ste.215, Irving, TX 75062, USA","Irving","TX","(469) 262-2939","https://www.elwoodstaffing.com/contact-us-and-locations/TX/Irving","google_places","https://maps.google.com/?cid=482599565813477382&g_mp=Cidnb29nbGUubWFwcy5wbGFjZXMudjEuUGxhY2VzLlNlYXJjaFRleHQQAhgEIAA","IT staffing","0.94","2026-04-24T05:06:30.971Z"
"cmp-fefc6595","Progroup Staffing, Inc.","5005 W Royal Ln #196, Irving, TX 75063, USA","Irving","TX","(972) 913-2763","https://www.progroupstaffing.com","google_places","https://maps.google.com/?cid=9487715930744438912&g_mp=Cidnb29nbGUubWFwcy5wbGFjZXMudjEuUGxhY2VzLlNlYXJjaFRleHQQAhgEIAA","IT staffing","0.94","2026-04-24T05:06:30.971Z"
"cmp-041468d6","Hrt Staffing Services","511 E John W Carpenter Fwy # 500, Irving, TX 75062, USA","Irving","TX","(972) 400-4400","http://www.hrtechs.com","google_places","https://maps.google.com/?cid=10564912838139534473&g_mp=Cidnb29nbGUubWFwcy5wbGFjZXMudjEuUGxhY2VzLlNlYXJjaFRleHQQAhgEIAA","IT staffing","0.94","2026-04-24T05:06:30.971Z"
"cmp-bcd3b8c3","Randstad - Manufacturing & Logistics","3601 Regent Blvd Suite 120, Irving, TX 75063, USA","Irving","TX","(972) 745-7002","https://www.randstadusa.com/local/tx/irving/3601-regent-boulevard?utm_source=google&utm_medium=organic&utm_campaign=gmb&utm_content=irving","google_places","https://maps.google.com/?cid=2668036711765561244&g_mp=Cidnb29nbGUubWFwcy5wbGFjZXMudjEuUGxhY2VzLlNlYXJjaFRleHQQAhgEIAA","IT staffing","0.94","2026-04-24T05:06:30.971Z"
"cmp-30044f6c","Luxor Staffing","3025 N Belt Line Rd, Irving, TX 75062, USA","Irving","TX","(972) 573-6180","http://www.luxorstaffing.com","google_places","https://maps.google.com/?cid=3845716722882093969&g_mp=Cidnb29nbGUubWFwcy5wbGFjZXMudjEuUGxhY2VzLlNlYXJjaFRleHQQAhgEIAA","IT staffing","0.94","2026-04-24T05:06:30.971Z"
"cmp-46e46568","Proman Staffing","3587 N Belt Line Rd, Irving, TX 75062, USA","Irving","TX","(972) 255-0141","https://www.promanstaffing.com","google_places","https://maps.google.com/?cid=14707963080583857064&g_mp=Cidnb29nbGUubWFwcy5wbGFjZXMudjEuUGxhY2VzLlNlYXJjaFRleHQQAhgEIAA","IT staffing","0.94","2026-04-24T05:06:30.971Z"
"cmp-03d8ae6d","Hjg Staffing (The Houston Jackson Group)","105 Decker Dr #930, Irving, TX 75062, USA","Irving","TX","(972) 717-3890","http://www.hjgstaffing.com","google_places","https://maps.google.com/?cid=6990431851224914866&g_mp=Cidnb29nbGUubWFwcy5wbGFjZXMudjEuUGxhY2VzLlNlYXJjaFRleHQQAhgEIAA","IT staffing","0.94","2026-04-24T05:06:30.971Z"
"ChIJc3z4qT6CToYRp6E2An9_nXM","Moa Staffing Inc.","3626 N Belt Line Rd, Irving, TX 75062","Irving","TX","(214) 214-9000","https://moalink.com","serp_api","https://serpapi.com/search.json?engine=google_maps&google_domain=google.com&hl=en&place_id=ChIJc3z4qT6CToYRp6E2An9_nXM","IT staffing","0.88","2026-04-24T05:06:30.972Z"
"ChIJJU7wwdQpTIYRJwDvo5ApBGE","Frontline Source Group","5605 N MacArthur Blvd #1000, Irving, TX 75038","Irving","TX","(469) 299-4747","https://www.frontlinesourcegroup.com/irving.html","serp_api","https://serpapi.com/search.json?engine=google_maps&google_domain=google.com&hl=en&place_id=ChIJJU7wwdQpTIYRJwDvo5ApBGE","IT staffing","0.88","2026-04-24T05:06:30.972Z"
"ChIJJVKh1hWCToYR5IUamIQdamk","Express Employment Professionals","4070 N Belt Line Rd Ste 126, Irving, TX 75038","Irving","TX","(972) 258-4981","https://www.expresspros.com/us-texas-irving-south","serp_api","https://serpapi.com/search.json?engine=google_maps&google_domain=google.com&hl=en&place_id=ChIJJVKh1hWCToYR5IUamIQdamk","IT staffing","0.88","2026-04-24T05:06:30.972Z"
"ChIJmf-hmZ2BToYRzZnmoCgta_8","Lone Star Staffing","1820 Valley View Ln #128, Irving, TX 75061","Irving","TX","(972) 790-2500","http://www.lonestarstaffing.biz","serp_api","https://serpapi.com/search.json?engine=google_maps&google_domain=google.com&hl=en&place_id=ChIJmf-hmZ2BToYRzZnmoCgta_8","IT staffing","0.88","2026-04-24T05:06:30.972Z"
"cmp-9f89aa70","Caterpillar Inc","5205 N O'Connor Blvd Ste. 100, Irving, TX 75039, USA","Irving","TX","(309) 675-1000","http://www.caterpillar.com","google_places","https://maps.google.com/?cid=14235900120348213599&g_mp=Cidnb29nbGUubWFwcy5wbGFjZXMudjEuUGxhY2VzLlNlYXJjaFRleHQQAhgEIAA","Inc","0.94","2026-04-24T05:07:22.021Z"
"cmp-e2364cb9","Brakebush Irving, Inc.","2230 E Union Bower Rd, Irving, TX 75061, USA","Irving","TX","(972) 554-0590","https://www.brakebush.com/?=GBPIrving","google_places","https://maps.google.com/?cid=2021057257115686080&g_mp=Cidnb29nbGUubWFwcy5wbGFjZXMudjEuUGxhY2VzLlNlYXJjaFRleHQQAhgEIAA","Inc","0.94","2026-04-24T05:07:22.021Z"
"cmp-49949f0a","Net Inc.","130 E John W Carpenter Fwy #125, Irving, TX 75062, USA","Irving","TX","(972) 999-4500","http://www.netincgroup.com","google_places","https://maps.google.com/?cid=15233681477721577931&g_mp=Cidnb29nbGUubWFwcy5wbGFjZXMudjEuUGxhY2VzLlNlYXJjaFRleHQQAhgEIAA","Inc","0.94","2026-04-24T05:07:22.021Z"
"cmp-bae215e1","Irving Cares","440 S Nursery Rd #101, Irving, TX 75060, USA","Irving","TX","(972) 721-9181","http://www.irvingcares.org","google_places","https://maps.google.com/?cid=1293955827112560863&g_mp=Cidnb29nbGUubWFwcy5wbGFjZXMudjEuUGxhY2VzLlNlYXJjaFRleHQQAhgEIAA","Inc","0.94","2026-04-24T05:07:22.021Z"
"cmp-d8b2a575","Nec Corporation Of America","5205 N O'Connor Blvd Suite 400, Irving, TX 75039, USA","Irving","TX","(214) 262-6000","https://www.necam.com","google_places","https://maps.google.com/?cid=11842655115213968934&g_mp=Cidnb29nbGUubWFwcy5wbGFjZXMudjEuUGxhY2VzLlNlYXJjaFRleHQQAhgEIAA","Inc","0.94","2026-04-24T05:07:22.021Z"
"cmp-9e784c49","Mart Construction","1503 Perry St, Irving, TX 75060, USA","Irving","TX","(972) 721-1522","https://www.martgc.com","google_places","https://maps.google.com/?cid=14480715159425454248&g_mp=Cidnb29nbGUubWFwcy5wbGFjZXMudjEuUGxhY2VzLlNlYXJjaFRleHQQAhgEIAA","Inc","0.94","2026-04-24T05:07:22.021Z"
"cmp-4bee2a34","Burrus & Matthews, Inc","2221 Vanco Dr, Irving, TX 75061, USA","Irving","TX","(972) 438-8881","http://www.b-m.com","google_places","https://maps.google.com/?cid=6211950090348687319&g_mp=Cidnb29nbGUubWFwcy5wbGFjZXMudjEuUGxhY2VzLlNlYXJjaFRleHQQAhgEIAA","Inc","0.94","2026-04-24T05:07:22.021Z"
"cmp-de9f7b12","Careers Inc.","600 E John W Carpenter Fwy #273, Irving, TX 75062, USA","Irving","TX","(678) 431-4166","","google_places","https://maps.google.com/?cid=6975896901054423711&g_mp=Cidnb29nbGUubWFwcy5wbGFjZXMudjEuUGxhY2VzLlNlYXJjaFRleHQQAhgEIAA","Inc","0.94","2026-04-24T05:07:22.022Z"
"cmp-ae01dc9c","Shermco Industries Inc","2425 E Pioneer Dr, Irving, TX 75061, USA","Irving","TX","(972) 793-5523","https://shermco.com","google_places","https://maps.google.com/?cid=12201409180290978906&g_mp=Cidnb29nbGUubWFwcy5wbGFjZXMudjEuUGxhY2VzLlNlYXJjaFRleHQQAhgEIAA","Inc","0.94","2026-04-24T05:07:22.022Z"
"cmp-1d96aa97","Cmc","6565 N MacArthur Blvd, Irving, TX 75039, USA","Irving","TX","(214) 689-4300","http://www.cmc.com","google_places","https://maps.google.com/?cid=463948952412898885&g_mp=Cidnb29nbGUubWFwcy5wbGFjZXMudjEuUGxhY2VzLlNlYXJjaFRleHQQAhgEIAA","Inc","0.94","2026-04-24T05:07:22.022Z"
"cmp-4bfdadca","Alaniz Auto Ranch Inc","1802 E Irving Blvd, Irving, TX 75060, USA","Irving","TX","(972) 579-1451","http://www.alanizautoranch.com","google_places","https://maps.google.com/?cid=1805817749680909491&g_mp=Cidnb29nbGUubWFwcy5wbGFjZXMudjEuUGxhY2VzLlNlYXJjaFRleHQQAhgEIAA","Inc","0.94","2026-04-24T05:07:22.022Z"
"cmp-c6dea66d","Celanese Corporation","222 W Las Colinas Blvd. #900n, Irving, TX 75039, USA","Irving","TX","(972) 443-4000","https://www.celanese.com","google_places","https://maps.google.com/?cid=11938963173983271751&g_mp=Cidnb29nbGUubWFwcy5wbGFjZXMudjEuUGxhY2VzLlNlYXJjaFRleHQQAhgEIAA","Inc","0.94","2026-04-24T05:07:22.035Z"
"cmp-6f0e4536","Ecis, Inc.","1303 W Walnut Hill Ln Suite 285, Irving, TX 75038, USA","Irving","TX","(214) 591-3100","http://ecis-engineering.com","google_places","https://maps.google.com/?cid=12616630004396822907&g_mp=Cidnb29nbGUubWFwcy5wbGFjZXMudjEuUGxhY2VzLlNlYXJjaFRleHQQAhgEIAA","Inc","0.94","2026-04-24T05:07:22.035Z"
"cmp-83a34e71","Gondola Adventures, Inc. - Irving","357 West Fork, Irving, TX 75039, USA","Irving","TX","(972) 506-8037","http://www.gondola.com","google_places","https://maps.google.com/?cid=17590567472736352883&g_mp=Cidnb29nbGUubWFwcy5wbGFjZXMudjEuUGxhY2VzLlNlYXJjaFRleHQQAhgEIAA","Inc","0.94","2026-04-24T05:07:22.035Z"
"cmp-62f4194d","Irving Counter Top Inc","101 N Irving Heights Dr, Irving, TX 75061, USA","Irving","TX","(972) 438-4343","https://www.irvingcountertop.com","google_places","https://maps.google.com/?cid=12693169376874887128&g_mp=Cidnb29nbGUubWFwcy5wbGFjZXMudjEuUGxhY2VzLlNlYXJjaFRleHQQAhgEIAA","Inc","0.94","2026-04-24T05:07:22.035Z"
"cmp-e973f09e","X-Press Bags Inc","707 Robbie Dr, Irving, TX 75061, USA","Irving","TX","(972) 513-9898","https://wheresmysuitcase.com","google_places","https://maps.google.com/?cid=9254500823033205164&g_mp=Cidnb29nbGUubWFwcy5wbGFjZXMudjEuUGxhY2VzLlNlYXJjaFRleHQQAhgEIAA","Inc","0.94","2026-04-24T05:07:22.035Z"
"cmp-ba48b391","Irving Cares, Inc. - Food Distribution Center","440 S Nursery Rd #101, Irving, TX 75060, USA","Irving","TX","(972) 721-9181","http://www.irvingcares.org","google_places","https://maps.google.com/?cid=18396603144707603574&g_mp=Cidnb29nbGUubWFwcy5wbGFjZXMudjEuUGxhY2VzLlNlYXJjaFRleHQQAhgEIAA","Inc","0.94","2026-04-24T05:07:22.035Z"
"cmp-69206bc1","Cbx Hydraulics Inc","2438 E Shady Grove Rd, Irving, TX 75060, USA","Irving","TX","(972) 438-8600","","google_places","https://maps.google.com/?cid=1889033035707973110&g_mp=Cidnb29nbGUubWFwcy5wbGFjZXMudjEuUGxhY2VzLlNlYXJjaFRleHQQAhgEIAA","Inc","0.94","2026-04-24T05:07:22.035Z"
"ChIJncXG08mcToYRqM9Ppm_oACE","Pam Transport Inc. Irving,Tx Terminal","2300 Time St, Irving, TX 75061","Irving","TX","(972) 445-1600","http://www.pamtransport.com","serp_api","https://serpapi.com/search.json?engine=google_maps&google_domain=google.com&hl=en&place_id=ChIJncXG08mcToYRqM9Ppm_oACE","Inc","0.88","2026-04-24T05:07:22.035Z"
"ChIJsTpLHIKBToYRNvI_cpAD71M","Itsutra Inc.","4425 W Airport Fwy #234, Irving, TX 75062","Irving","TX","(972) 887-5509","http://www.itsutra.com","serp_api","https://serpapi.com/search.json?engine=google_maps&google_domain=google.com&hl=en&place_id=ChIJsTpLHIKBToYRNvI_cpAD71M","Inc","0.88","2026-04-24T05:07:22.035Z"
"ChIJfXcYanaCToYR6fiWS0-_aP0","Ii Corp","1915 Westridge Dr, Irving, TX 75038","Irving","TX","","","serp_api","https://serpapi.com/search.json?engine=google_maps&google_domain=google.com&hl=en&place_id=ChIJfXcYanaCToYR6fiWS0-_aP0","Inc","0.88","2026-04-24T05:07:22.035Z"
"ChIJvSicir2CToYR3dq1RGtbYus","Vizient, Inc.","290 E John W Carpenter Fwy, Irving, TX 75062","Irving","TX","(972) 830-0000","https://www.vizientinc.com","serp_api","https://serpapi.com/search.json?engine=google_maps&google_domain=google.com&hl=en&place_id=ChIJvSicir2CToYR3dq1RGtbYus","Inc","0.88","2026-04-24T05:07:22.035Z"
"ChIJ0ZjQU8ScToYRLrB_GRGWaYY","North Texas Trucking Inc","1400 Maryland Dr, Irving, TX 75061","Irving","TX","(214) 904-0693","https://safer.fmcsa.dot.gov/query.asp?query_type=queryCarrierSnapshot&query_param=USDOT&query_string=1932774","serp_api","https://serpapi.com/search.json?engine=google_maps&google_domain=google.com&hl=en&place_id=ChIJ0ZjQU8ScToYRLrB_GRGWaYY","Inc","0.88","2026-04-24T05:07:22.035Z"
"ChIJD24lp8icToYRs0h6cK8C3DQ","Innovative Lighting Inc","2324 Hinton Dr, Irving, TX 75061","Irving","TX","(972) 721-1177","http://innovative-lighting.com","serp_api","https://serpapi.com/search.json?engine=google_maps&google_domain=google.com&hl=en&place_id=ChIJD24lp8icToYRs0h6cK8C3DQ","Inc","0.88","2026-04-24T05:07:22.035Z"
"ChIJCTASD8aCToYRxiTTUUQX8mQ","Driveline Retail Merchandising, Inc.","545 E John W Carpenter Fwy, Irving, TX 75062","Irving","TX","(888) 824-7505","","serp_api","https://serpapi.com/search.json?engine=google_maps&google_domain=google.com&hl=en&place_id=ChIJCTASD8aCToYRxiTTUUQX8mQ","Inc","0.88","2026-04-24T05:07:22.035Z"
"ChIJFynsfc-cToYRNqomUhF89OY","Cci Commercial Construction","2326 Peters Rd, Irving, TX 75061","Irving","TX","(972) 721-0800","http://cciconstruct.com","serp_api","https://serpapi.com/search.json?engine=google_maps&google_domain=google.com&hl=en&place_id=ChIJFynsfc-cToYRNqomUhF89OY","Inc","0.88","2026-04-24T05:07:22.035Z"
"ChIJn4ah69uDToYRKxJ-Ivlj8CI","Unique Environments Inc","3801 Conflans Rd, Irving, TX 75061","Irving","TX","","","serp_api","https://serpapi.com/search.json?engine=google_maps&google_domain=google.com&hl=en&place_id=ChIJn4ah69uDToYRKxJ-Ivlj8CI","Inc","0.88","2026-04-24T05:07:22.035Z"
"ChIJAQH23Hp9ToYRjbCDmezE_gs","Trend Micro, Inc","225 E John W Carpenter Fwy #1500, Irving, TX 75062","Irving","TX","(888) 762-8736","https://www.trendmicro.com","serp_api","https://serpapi.com/search.json?engine=google_maps&google_domain=google.com&hl=en&place_id=ChIJAQH23Hp9ToYRjbCDmezE_gs","Inc","0.88","2026-04-24T05:07:22.035Z"
"ChIJF9n5fHWDToYRFaTjHx8Hzvc","Sees, Inc Texas","205 Sharon St, Irving, TX 75061","Irving","TX","(800) 526-0026","http://www.seesinc.com","serp_api","https://serpapi.com/search.json?engine=google_maps&google_domain=google.com&hl=en&place_id=ChIJF9n5fHWDToYRFaTjHx8Hzvc","Inc","0.88","2026-04-24T05:07:22.035Z"
"cmp-00676187","It Consulting & Staffing","","Irving","TX","","https://www.itsutra.com/about","fallback_search","https://www.itsutra.com/about","Inc","0.72","2026-04-24T05:07:22.035Z"
"cmp-e78e391f","Idr Inc","","Irving","TX","","https://www.idr-inc.com","fallback_search","https://www.idr-inc.com/","Inc","0.78","2026-04-24T05:07:22.035Z"
"cmp-9b62602a","E-Consulting Inc.","","Irving","TX","","https://e-consultinginc.com/under-construction","fallback_search","https://e-consultinginc.com/under-construction/","Inc","0.86","2026-04-24T05:07:22.035Z"
"cmp-4795ff9c","Frontlinesourcegroup","","Irving","TX","","https://www.frontlinesourcegroup.com/irving-information-technology-staffing-agency.html","fallback_search","https://www.frontlinesourcegroup.com/irving-information-technology-staffing-agency.html","Inc","0.72","2026-04-24T05:07:22.035Z"
"cmp-1f0ebc75","Romack Inc","","Irving","TX","","https://romackinc.com","fallback_search","https://romackinc.com/","Inc","0.78","2026-04-24T05:07:22.035Z"
"cmp-7a630fb8","Smartdw","","Irving","TX","","https://smartdw.ai","fallback_search","https://smartdw.ai/","Inc","0.78","2026-04-24T05:07:22.035Z"
"cmp-c6f34133","E-Consulting Inc: Contact Details And Business Profile","","Irving","TX","","https://rocketreach.co/e-consulting-inc-profile_b46ede59fc5c6f7a","fallback_search","https://rocketreach.co/e-consulting-inc-profile_b46ede59fc5c6f7a","Inc","0.86","2026-04-24T05:07:22.035Z"
"cmp-71ce5360","Neutrosys Inc","5605 N MacArthur Blvd 10th floor, Irving, TX 75038, USA","Irving","TX","(214) 382-6161","http://www.neutrosys.com","google_places","https://maps.google.com/?cid=6868284734191244603&g_mp=Cidnb29nbGUubWFwcy5wbGFjZXMudjEuUGxhY2VzLlNlYXJjaFRleHQQAhgEIAA","Neutrosys","0.94","2026-04-24T05:07:55.732Z"
"cmp-1b6c50dd","The Ranch At Las Colinas","857 W John Carpenter Fwy, Irving, TX 75039, USA","Irving","TX","(972) 506-7262","http://theranchlc.com","google_places","https://maps.google.com/?cid=5431108479403021717&g_mp=Cidnb29nbGUubWFwcy5wbGFjZXMudjEuUGxhY2VzLlNlYXJjaFRleHQQAhgEIAA","restaurant","0.94","2026-04-24T05:10:12.973Z"
"cmp-dbb1a27f","Monaco","Building 3, 5238 N O'Connor Blvd #134, Irving, TX 75039, USA","Irving","TX","(972) 798-4800","http://themonacorestaurant.com","google_places","https://maps.google.com/?cid=28662295938538079&g_mp=Cidnb29nbGUubWFwcy5wbGFjZXMudjEuUGxhY2VzLlNlYXJjaFRleHQQAhgEIAA","restaurant","0.94","2026-04-24T05:10:12.973Z"
"cmp-fe882c55","Yard House","320 W Las Colinas Blvd., Irving, TX 75039, USA","Irving","TX","(214) 496-0151","https://www.yardhouse.com/locations/tx/irving/las-colinas-toyota-music-factory/8367?cmpid=br:yh_ag:ie_ch:loc_ca:YHGMB_sn:gmb_gt:irving-tx-8367_pl:locurl_rd:1063","google_places","https://maps.google.com/?cid=3582903861985702747&g_mp=Cidnb29nbGUubWFwcy5wbGFjZXMudjEuUGxhY2VzLlNlYXJjaFRleHQQAhgEIAA","restaurant","0.94","2026-04-24T05:10:12.973Z"
"cmp-ea1c0763","Whiskey Cake Las Colinas","3225 Regent Blvd, Irving, TX 75063, USA","Irving","TX","(469) 941-2253","https://whiskeycake.com","google_places","https://maps.google.com/?cid=11980971275799542605&g_mp=Cidnb29nbGUubWFwcy5wbGFjZXMudjEuUGxhY2VzLlNlYXJjaFRleHQQAhgEIAA","restaurant","0.94","2026-04-24T05:10:12.973Z"
"cmp-61b1714b","Tupelo Honey Southern Kitchen & Bar","5981 High Point Dr Suite 160, Irving, TX 75038, USA","Irving","TX","(972) 573-3189","https://tupelohoneycafe.com/?olonwp=z17TA_tz20aL5UmKf8LjMg","google_places","https://maps.google.com/?cid=14653589117848840635&g_mp=Cidnb29nbGUubWFwcy5wbGFjZXMudjEuUGxhY2VzLlNlYXJjaFRleHQQAhgEIAA","restaurant","0.94","2026-04-24T05:10:12.973Z"
"cmp-9f4a31b5","Thirsty Lion","350 W Las Colinas Blvd., Irving, TX 75039, USA","Irving","TX","(214) 496-0400","https://www.thirstylionrestaurant.com","google_places","https://maps.google.com/?cid=3211644634390635766&g_mp=Cidnb29nbGUubWFwcy5wbGFjZXMudjEuUGxhY2VzLlNlYXJjaFRleHQQAhgEIAA","restaurant","0.94","2026-04-24T05:10:12.973Z"
"cmp-eff84573","Hudson House","5904 N MacArthur Blvd, Irving, TX 75039, USA","Irving","TX","(214) 217-0063","https://www.hudsonhouse.com","google_places","https://maps.google.com/?cid=15720144798703188769&g_mp=Cidnb29nbGUubWFwcy5wbGFjZXMudjEuUGxhY2VzLlNlYXJjaFRleHQQAhgEIAA","restaurant","0.94","2026-04-24T05:10:12.973Z"
"cmp-77a8c3df","Cork & Pig Tavern Las Colinas","5224 N O'Connor Blvd, Irving, TX 75039, USA","Irving","TX","(972) 364-7412","http://corkandpig.com","google_places","https://maps.google.com/?cid=1432905716299882925&g_mp=Cidnb29nbGUubWFwcy5wbGFjZXMudjEuUGxhY2VzLlNlYXJjaFRleHQQAhgEIAA","restaurant","0.94","2026-04-24T05:10:12.973Z"
"cmp-54538fea","Cheddar'S Scratch Kitchen","700 W Lyndon B Johnson Fwy, Irving, TX 75063, USA","Irving","TX","(972) 409-0300","https://www.cheddars.com/locations/tx/irving/irving-macarthur-blvd/2014?cmpid=br:csk_ag:ie_ch:loc_ca:CSKGMB_sn:gmb_gt:irving-tx-2014_pl:locurl_rd:1009","google_places","https://maps.google.com/?cid=8426814076968053702&g_mp=Cidnb29nbGUubWFwcy5wbGFjZXMudjEuUGxhY2VzLlNlYXJjaFRleHQQAhgEIAA","restaurant","0.94","2026-04-24T05:10:12.973Z"
"cmp-34a99e44","The Constellation Club","5215 N O'Connor Blvd Suite 2600, Irving, TX 75039, USA","Irving","TX","(972) 869-2266","https://www.invitedclubs.com/clubs/the-constellation-club","google_places","https://maps.google.com/?cid=10587777184262250038&g_mp=Cidnb29nbGUubWFwcy5wbGFjZXMudjEuUGxhY2VzLlNlYXJjaFRleHQQAhgEIAA","restaurant","0.94","2026-04-24T05:10:12.973Z"
"cmp-c7b793f9","Fire Rodeo Grill Churascaria","137 S Main St, Irving, TX 75060, USA","Irving","TX","(972) 259-2939","","google_places","https://maps.google.com/?cid=4471539723229795094&g_mp=Cidnb29nbGUubWFwcy5wbGFjZXMudjEuUGxhY2VzLlNlYXJjaFRleHQQAhgEIAA","restaurant","0.94","2026-04-24T05:10:12.973Z"
"cmp-b2afdb7d","Kleo Restaurant & Pool Garden","455 E John W Carpenter Fwy, Irving, TX 75062, USA","Irving","TX","(469) 565-3179","https://hotelindigolascolinas.com/dining/kleo","google_places","https://maps.google.com/?cid=11933500067744517602&g_mp=Cidnb29nbGUubWFwcy5wbGFjZXMudjEuUGxhY2VzLlNlYXJjaFRleHQQAhgEIAA","restaurant","0.94","2026-04-24T05:10:12.973Z"
"cmp-828aa5a6","Pacific Table","5238 N O'Connor Blvd #136, Irving, TX 75039, USA","Irving","TX","(972) 957-7620","https://www.pacifictable.com","google_places","https://maps.google.com/?cid=2515055095773971470&g_mp=Cidnb29nbGUubWFwcy5wbGFjZXMudjEuUGxhY2VzLlNlYXJjaFRleHQQAhgEIAA","restaurant","0.94","2026-04-24T05:10:12.973Z"
"cmp-5232d31f","Sanjh Restaurant & Bar","5250 N O'Connor Blvd Suite 146, Irving, TX 75039, USA","Irving","TX","(972) 239-1800","https://sanjhrestaurant.com","google_places","https://maps.google.com/?cid=2416486024577207557&g_mp=Cidnb29nbGUubWFwcy5wbGFjZXMudjEuUGxhY2VzLlNlYXJjaFRleHQQAhgEIAA","restaurant","0.94","2026-04-24T05:10:12.974Z"
"cmp-ae0f6c80","Peak Restaurant & Bar","3401 W Airport Fwy #110, Irving, TX 75062, USA","Irving","TX","(469) 647-5500","http://peakirving.com","google_places","https://maps.google.com/?cid=13501329195693965114&g_mp=Cidnb29nbGUubWFwcy5wbGFjZXMudjEuUGxhY2VzLlNlYXJjaFRleHQQAhgEIAA","restaurant","0.94","2026-04-24T05:10:12.974Z"
"cmp-88b38a46","La Estancia Steak House","3644 Irving Mall, Irving, TX 75062, USA","Irving","TX","(972) 600-8181","","google_places","https://maps.google.com/?cid=10849690518289423766&g_mp=Cidnb29nbGUubWFwcy5wbGFjZXMudjEuUGxhY2VzLlNlYXJjaFRleHQQAhgEIAA","restaurant","0.94","2026-04-24T05:10:12.974Z"
"cmp-a542fb2c","Via Real Restaurant","4020 N MacArthur Blvd Suite 100, Irving, TX 75038, USA","Irving","TX","(972) 650-9001","http://www.viareal.com","google_places","https://maps.google.com/?cid=17216172785218282246&g_mp=Cidnb29nbGUubWFwcy5wbGFjZXMudjEuUGxhY2VzLlNlYXJjaFRleHQQAhgEIAA","restaurant","0.94","2026-04-24T05:10:12.974Z"
"cmp-80aea808","Knife Italian Steak","4150 N MacArthur Blvd, Irving, TX 75038, USA","Irving","TX","(972) 717-2420","https://www.knifeitalian.com/?scid=feed67b0-9a2f-4de1-8df6-114544116108","google_places","https://maps.google.com/?cid=2530166798008023954&g_mp=Cidnb29nbGUubWFwcy5wbGFjZXMudjEuUGxhY2VzLlNlYXJjaFRleHQQAhgEIAA","restaurant","0.94","2026-04-24T05:10:12.974Z"
"cmp-6f147578","Mexican Sugar","3215 Regent Blvd, Irving, TX 75063, USA","Irving","TX","(469) 313-1300","https://www.mexicansugarcocina.com","google_places","https://maps.google.com/?cid=14189029484048424535&g_mp=Cidnb29nbGUubWFwcy5wbGFjZXMudjEuUGxhY2VzLlNlYXJjaFRleHQQAhgEIAA","restaurant","0.94","2026-04-24T05:10:12.974Z"
"cmp-6f1f06c6","The Reserve - Las Colinas","5910 N MacArthur Blvd Suite 121, Irving, TX 75039, USA","Irving","TX","(469) 206-6898","https://tt-thereserve.com/thereservelascolinas-u5plkl?utm_source=google","google_places","https://maps.google.com/?cid=1325645105596143521&g_mp=Cidnb29nbGUubWFwcy5wbGFjZXMudjEuUGxhY2VzLlNlYXJjaFRleHQQAhgEIAA","restaurant","0.94","2026-04-24T05:10:12.974Z"
"ChIJK-4W7NopTIYRsc1l6iNskYo","New York Eats (Irving)","3341 Regent Blvd #150, Irving, TX 75063","Irving","TX","(469) 844-0266","https://www.newyorkeats.net","serp_api","https://serpapi.com/search.json?engine=google_maps&google_domain=google.com&hl=en&place_id=ChIJK-4W7NopTIYRsc1l6iNskYo","restaurant","0.88","2026-04-24T05:10:12.974Z"
"ChIJZSp3sg2BToYRQZJa9LTk6Js","Spot Bar And Kitchen","2000 Esters Rd Suite 208, Irving, TX 75061","Irving","TX","(469) 276-7645","http://spotbarandkitchen.com","serp_api","https://serpapi.com/search.json?engine=google_maps&google_domain=google.com&hl=en&place_id=ChIJZSp3sg2BToYRQZJa9LTk6Js","restaurant","0.88","2026-04-24T05:10:12.974Z"
"ChIJJcfBMQCDToYRsQ0nM2xAIWU","Mariscos El Viejon Seafood And Bar","2950 N Belt Line Rd, Irving, TX 75062","Irving","TX","(469) 565-2032","https://elviejonseafoodrestaurant.com","serp_api","https://serpapi.com/search.json?engine=google_maps&google_domain=google.com&hl=en&place_id=ChIJJcfBMQCDToYRsQ0nM2xAIWU","restaurant","0.88","2026-04-24T05:10:12.975Z"
"ChIJgTeaxkApTIYRr3VqKjGORKQ","Tavern On Meridian","1311 Meridian Dr, Irving, TX 75038","Irving","TX","(945) 523-9190","https://thetaverncollective.com/locations/las-colinas","serp_api","https://serpapi.com/search.json?engine=google_maps&google_domain=google.com&hl=en&place_id=ChIJgTeaxkApTIYRr3VqKjGORKQ","restaurant","0.88","2026-04-24T05:10:12.975Z"
"ChIJuwspz0soTIYRLVZNAcuzqhc","Lamberti’S Ristorante - Macarthur","7701 N MacArthur Blvd, Irving, TX 75063","Irving","TX","(972) 506-3000","http://www.lambertiristorante.com","serp_api","https://serpapi.com/search.json?engine=google_maps&google_domain=google.com&hl=en&place_id=ChIJuwspz0soTIYRLVZNAcuzqhc","restaurant","0.88","2026-04-24T05:10:12.979Z"
"ChIJ5xlFuLKDToYRLXyzmsSO-sM","Vila Brazil","2315 W Airport Fwy, Irving, TX 75062","Irving","TX","(972) 607-4224","http://www.vilabrazil.com","serp_api","https://serpapi.com/search.json?engine=google_maps&google_domain=google.com&hl=en&place_id=ChIJ5xlFuLKDToYRLXyzmsSO-sM","restaurant","0.88","2026-04-24T05:10:12.979Z"
"ChIJj4SbrXCDToYRhw3Kw7m8QLU","Cafe Y Tequila Mexican Restaurant In Irving Tx","Cafe Y Tequila, 422 W Pioneer Dr, Irving, TX 75061","Irving","TX","(469) 647-5414","https://cafeytequilamexicanrestaurant.com","serp_api","https://serpapi.com/search.json?engine=google_maps&google_domain=google.com&hl=en&place_id=ChIJj4SbrXCDToYRhw3Kw7m8QLU","restaurant","0.88","2026-04-24T05:10:12.979Z"
"cmp-eb23f5a2","Resultant","","Irving","TX","","https://resultant.com/irving-it-consulting","fallback_search","https://resultant.com/irving-it-consulting/","restaurant","0.72","2026-04-24T05:10:12.979Z"
"cmp-f9a72278","Abba Staffing & Consulting","","Irving","TX","","https://www.abbastaffing.com","fallback_search","https://www.abbastaffing.com/","restaurant","0.64","2026-04-24T05:10:12.980Z"
"cmp-a3aea1d8","Insightglobal","","Irving","TX","","https://insightglobal.com/locations/texas/staffing-agency-irving-tx","fallback_search","https://insightglobal.com/locations/texas/staffing-agency-irving-tx/","restaurant","0.72","2026-04-24T05:10:12.980Z"
"cmp-d4f07186","Cornerstonetechtalent","","Irving","TX","","https://www.cornerstonetechtalent.com","fallback_search","https://www.cornerstonetechtalent.com/","restaurant","0.72","2026-04-24T05:10:12.980Z"
"cmp-9243eb1d","Bombay Sweets & Snacks","934 W Airport Fwy, Irving, TX 75062, USA","Irving","TX","(214) 441-2125","https://www.bombaysweetsandsnacks.com","google_places","https://maps.google.com/?cid=10812833555988255459&g_mp=Cidnb29nbGUubWFwcy5wbGFjZXMudjEuUGxhY2VzLlNlYXJjaFRleHQQAhgEIAA","sweet shop","0.94","2026-04-24T05:11:26.378Z"
"cmp-95e781c8","Bikanervala Irving","1080 W Lyndon B Johnson Fwy suite 110, Irving, TX 75063, USA","Irving","TX","(214) 258-5533","https://www.bikanervalausa.com","google_places","https://maps.google.com/?cid=2698030912353878640&g_mp=Cidnb29nbGUubWFwcy5wbGFjZXMudjEuUGxhY2VzLlNlYXJjaFRleHQQAhgEIAA","sweet shop","0.94","2026-04-24T05:11:26.378Z"
"cmp-2d93f3f1","Rangeela Sweets","535 W Airport Fwy #100, Irving, TX 75062, USA","Irving","TX","(214) 861-8379","","google_places","https://maps.google.com/?cid=12170629902432240612&g_mp=Cidnb29nbGUubWFwcy5wbGFjZXMudjEuUGxhY2VzLlNlYXJjaFRleHQQAhgEIAA","sweet shop","0.94","2026-04-24T05:11:26.378Z"
"cmp-494322f2","Lizzie Lu Luxury Treats","4020 N MacArthur Blvd Ste 120, Irving, TX 75038, USA","Irving","TX","(469) 276-7131","http://lizzieluluxury-treats.com","google_places","https://maps.google.com/?cid=4200617135625401374&g_mp=Cidnb29nbGUubWFwcy5wbGFjZXMudjEuUGxhY2VzLlNlYXJjaFRleHQQAhgEIAA","sweet shop","0.94","2026-04-24T05:11:26.378Z"
"cmp-eb6f110e","Kwality Ice Cream & Bakery","8600 N MacArthur Blvd #154, Irving, TX 75063, USA","Irving","TX","(972) 506-7861","https://kwalityicecreamdfw.com","google_places","https://maps.google.com/?cid=2985338267122968963&g_mp=Cidnb29nbGUubWFwcy5wbGFjZXMudjEuUGxhY2VzLlNlYXJjaFRleHQQAhgEIAA","sweet shop","0.94","2026-04-24T05:11:26.378Z"
"cmp-b658dafa","Universal Bakery","949 W Royal Ln, Irving, TX 75039, USA","Irving","TX","(469) 743-6178","https://www.ubirving.com","google_places","https://maps.google.com/?cid=3640047603386578990&g_mp=Cidnb29nbGUubWFwcy5wbGFjZXMudjEuUGxhY2VzLlNlYXJjaFRleHQQAhgEIAA","sweet shop","0.94","2026-04-24T05:11:26.378Z"
"cmp-0c09eedf","Shree Vimal'S","535 W Airport Fwy Suite 100, Irving, TX 75062, USA","Irving","TX","(469) 565-2492","https://www.shreevimals.com","google_places","https://maps.google.com/?cid=18292403885948374622&g_mp=Cidnb29nbGUubWFwcy5wbGFjZXMudjEuUGxhY2VzLlNlYXJjaFRleHQQAhgEIAA","sweet shop","0.94","2026-04-24T05:11:26.378Z"
"cmp-7b133cdf","Candy Zone","3803 Irving Mall, Irving, TX 75062, USA","Irving","TX","(682) 557-6786","","google_places","https://maps.google.com/?cid=11031974996719756697&g_mp=Cidnb29nbGUubWFwcy5wbGFjZXMudjEuUGxhY2VzLlNlYXJjaFRleHQQAhgEIAA","sweet shop","0.94","2026-04-24T05:11:26.378Z"
"cmp-cc84d27f","Hot Breads Irving","5330 N MacArthur Blvd #140, Irving, TX 75038, USA","Irving","TX","(972) 753-1000","https://www.hotbreadsirving.com","google_places","https://maps.google.com/?cid=5158883098625003585&g_mp=Cidnb29nbGUubWFwcy5wbGFjZXMudjEuUGxhY2VzLlNlYXJjaFRleHQQAhgEIAA","sweet shop","0.94","2026-04-24T05:11:26.378Z"
"cmp-80da38a7","Bigdash Irving","7300 N MacArthur Blvd Ste. 100, Irving, TX 75063, USA","Irving","TX","(214) 484-9414","https://www.bigdash.com","google_places","https://maps.google.com/?cid=1498204208636774195&g_mp=Cidnb29nbGUubWFwcy5wbGFjZXMudjEuUGxhY2VzLlNlYXJjaFRleHQQAhgEIAA","sweet shop","0.94","2026-04-24T05:11:26.378Z"
"cmp-0722cc0a","Jagdish Farshan","535 W Airport Fwy #100, Irving, TX 75062, USA","Irving","TX","(817) 876-5754","https://shreevimals.com","google_places","https://maps.google.com/?cid=6206677568277542440&g_mp=Cidnb29nbGUubWFwcy5wbGFjZXMudjEuUGxhY2VzLlNlYXJjaFRleHQQAhgEIAA","sweet shop","0.94","2026-04-24T05:11:26.378Z"
"cmp-3686483c","Acr Sweets Bakery (By Appointment Only). No Retail Location","8249 Ranchview Dr, Irving, TX 75063, USA","Irving","TX","(850) 238-1854","https://www.facebook.com/ACRsweets","google_places","https://maps.google.com/?cid=8714041986323724597&g_mp=Cidnb29nbGUubWFwcy5wbGFjZXMudjEuUGxhY2VzLlNlYXJjaFRleHQQAhgEIAA","sweet shop","0.94","2026-04-24T05:11:26.379Z"
"ChIJCfK9AC2DToYRKKyEr_N_nf4","Cafe Cream Stone | Best Dessert Spot In Irving, Tx","5443 N MacArthur Blvd, Irving, TX 75038","Irving","TX","(469) 276-7588","http://www.cafecreamstone.com","serp_api","https://serpapi.com/search.json?engine=google_maps&google_domain=google.com&hl=en&place_id=ChIJCfK9AC2DToYRKKyEr_N_nf4","sweet shop","0.88","2026-04-24T05:11:26.379Z"
"ChIJ_UtvM5aCToYREB9V0dHFEpc","Pop Factory | Las Colinas","310 W Las Colinas Blvd. Suite 112, Irving, TX 75039","Irving","TX","(469) 499-3095","https://www.pop-factory.com","serp_api","https://serpapi.com/search.json?engine=google_maps&google_domain=google.com&hl=en&place_id=ChIJ_UtvM5aCToYREB9V0dHFEpc","sweet shop","0.88","2026-04-24T05:11:26.379Z"
"ChIJddfffxEpTIYR8qpNP71TsMo","Milkshakes & More","925 W John Carpenter Fwy suite 101, Irving, TX 75039","Irving","TX","(214) 272-7844","https://www.milkshakesandmore.net","serp_api","https://serpapi.com/search.json?engine=google_maps&google_domain=google.com&hl=en&place_id=ChIJddfffxEpTIYR8qpNP71TsMo","sweet shop","0.88","2026-04-24T05:11:26.379Z"
"ChIJv9Y12eQpTIYRTbIJEGfTrrY","Maya Creamery","3351 Regent Blvd Suite 110, Irving, TX 75063","Irving","TX","(817) 470-7750","https://www.instagram.com/mayacreamery?igsh=MTl6bnUyYjJxMWp6dA==&utm_source=qr","serp_api","https://serpapi.com/search.json?engine=google_maps&google_domain=google.com&hl=en&place_id=ChIJv9Y12eQpTIYRTbIJEGfTrrY","sweet shop","0.88","2026-04-24T05:11:26.379Z"
"ChIJMRtDu4uDToYR1ji2qKdxgss","Sol Dias Ice Cream (Paleteria)","3621 N Belt Line Rd, Irving, TX 75062","Irving","TX","(469) 524-3200","http://www.soldias.com","serp_api","https://serpapi.com/search.json?engine=google_maps&google_domain=google.com&hl=en&place_id=ChIJMRtDu4uDToYR1ji2qKdxgss","sweet shop","0.88","2026-04-24T05:11:26.380Z"
"ChIJZ92vcmmBToYR3MI3NALwRkI","Paleteria Coco Bongo # 4 Irving","4455 W Northgate Dr, Irving, TX 75038","Irving","TX","(972) 887-3377","","serp_api","https://serpapi.com/search.json?engine=google_maps&google_domain=google.com&hl=en&place_id=ChIJZ92vcmmBToYR3MI3NALwRkI","sweet shop","0.88","2026-04-24T05:11:26.380Z"
"ChIJU5wo4r4pTIYRVXBs2xPhz_M","CréMeverse Café & Desserts | Private Party Hall & Event Venue | Ice Cream Café","3341 Regent Blvd Suite 140, Irving, TX 75063","Irving","TX","(469) 792-0006","https://cremeverse.com","serp_api","https://serpapi.com/search.json?engine=google_maps&google_domain=google.com&hl=en&place_id=ChIJU5wo4r4pTIYRVXBs2xPhz_M","sweet shop","0.88","2026-04-24T05:11:26.380Z"
"ChIJw7S0OaKDToYRKxQguabhmjk","Disfruta Tu Loko Taqueria & Fruteria","3524 W Airport Fwy #102, Irving, TX 75062","Irving","TX","(972) 607-4204","","serp_api","https://serpapi.com/search.json?engine=google_maps&google_domain=google.com&hl=en&place_id=ChIJw7S0OaKDToYRKxQguabhmjk","sweet shop","0.88","2026-04-24T05:11:26.380Z"
"ChIJMa3_rdiDToYRM_-5TsfHo00","Mary'S Roll Ice Cream","3524 W Airport Fwy Suite 116, Irving, TX 75062","Irving","TX","(972) 313-9818","http://www.marysrollicecream.com","serp_api","https://serpapi.com/search.json?engine=google_maps&google_domain=google.com&hl=en&place_id=ChIJMa3_rdiDToYRM_-5TsfHo00","sweet shop","0.88","2026-04-24T05:11:26.380Z"
"ChIJF07nFAmDToYRiL28rdv2CKU","Drizzle Cheesecakes","310 W Las Colinas Blvd. #110, Irving, TX 75039","Irving","TX","(214) 301-0904","https://www.drizzlecheesecake.com","serp_api","https://serpapi.com/search.json?engine=google_maps&google_domain=google.com&hl=en&place_id=ChIJF07nFAmDToYRiL28rdv2CKU","sweet shop","0.88","2026-04-24T05:11:26.380Z"
"cmp-1d6984cd","Sweet Technologies","","Irving","TX","","https://sweettech.cloud","fallback_search","https://sweettech.cloud/","sweet shop","0.64","2026-04-24T05:11:26.380Z"
"cmp-833c62f1","Applestaffing","","Irving","TX","","https://applestaffing.com","fallback_search","https://applestaffing.com/","sweet shop","0.72","2026-04-24T05:11:26.380Z"
"cmp-2ee1bb57","Expresspros","","Irving","TX","","https://www.expresspros.com/us-texas-irving-south","fallback_search","https://www.expresspros.com/us-texas-irving-south","sweet shop","0.72","2026-04-24T05:11:26.380Z"
"cmp-7f968b34","Technology And Electrical Staffing Agencies In Texas","","Irving","TX","","https://www.tradestarinc.com","fallback_search","https://www.tradestarinc.com/","sweet shop","0.64","2026-04-24T05:11:26.380Z"
"cmp-4f192f93","Anbsourcing","","Irving","TX","","https://anbsourcing.com","fallback_search","https://anbsourcing.com/","sweet shop","0.72","2026-04-24T05:11:26.380Z"
"cmp-e87dcb0b","Tsrconsulting","","Irving","TX","","https://tsrconsulting.com","fallback_search","https://tsrconsulting.com/","sweet shop","0.64","2026-04-24T05:11:26.380Z"
"cmp-8e35c83b","Pixar Its","8405 Sterling St #100, Irving, TX 75063, USA","Irving","TX","(682) 463-4254","https://www.pixarits.com","google_places","https://maps.google.com/?cid=16406298951726201231&g_mp=Cidnb29nbGUubWFwcy5wbGFjZXMudjEuUGxhY2VzLlNlYXJjaFRleHQQAhgEIAA","IT","0.94","2026-04-24T05:12:29.800Z"
"cmp-44b7aec5","Mandalay Canal Walk At Las Colinas","215 Mandalay Canal, Irving, TX 75039, USA","Irving","TX","","http://www.irvingtexas.com/listings/mandalay-canal-walk-at-las-colinas/700","google_places","https://maps.google.com/?cid=7817408447607336828&g_mp=Cidnb29nbGUubWFwcy5wbGFjZXMudjEuUGxhY2VzLlNlYXJjaFRleHQQAhgEIAA","IT","0.94","2026-04-24T05:12:29.801Z"
"cmp-01b1c960","It In Dfw - Managed It Services Dallas Fort Worth","1509 W Hebron Pkwy Ste. 150, Carrollton, TX 75010, USA","Irving","TX","(469) 868-2233","https://itindfw.com","google_places","https://maps.google.com/?cid=11810203854050807193&g_mp=Cidnb29nbGUubWFwcy5wbGFjZXMudjEuUGxhY2VzLlNlYXJjaFRleHQQAhgEIAA","IT","0.94","2026-04-24T05:12:29.801Z"
"cmp-83c74725","Resultant - Irving Managed It Services & Data Analytics Company","222 W Las Colinas Blvd. Suite 1700, Irving, TX 75039, USA","Irving","TX","(317) 452-1700","https://hubs.ly/Q03PHVMQ0","google_places","https://maps.google.com/?cid=11648535886597286752&g_mp=Cidnb29nbGUubWFwcy5wbGFjZXMudjEuUGxhY2VzLlNlYXJjaFRleHQQAhgEIAA","IT","0.94","2026-04-24T05:12:29.801Z"
"cmp-8eedf792","Check Point Software Technologies","6330 Commerce Dr #100, Irving, TX 75063, USA","Irving","TX","(972) 444-6600","http://www.checkpoint.com","google_places","https://maps.google.com/?cid=6165432489124719197&g_mp=Cidnb29nbGUubWFwcy5wbGFjZXMudjEuUGxhY2VzLlNlYXJjaFRleHQQAhgEIAA","IT","0.94","2026-04-24T05:12:29.801Z"
"cmp-1c5ba039","United It Solutions","1212 Corporate Dr #555, Irving, TX 75038, USA","Irving","TX","(214) 257-8246","http://uniteditinc.com","google_places","https://maps.google.com/?cid=15808806444443333907&g_mp=Cidnb29nbGUubWFwcy5wbGFjZXMudjEuUGxhY2VzLlNlYXJjaFRleHQQAhgEIAA","IT","0.94","2026-04-24T05:12:29.801Z"
"cmp-845c8188","Yardi Systems","8616 Freeport Pkwy Suite 300, Irving, TX 75063, USA","Irving","TX","(972) 419-4800","http://www.yardi.com","google_places","https://maps.google.com/?cid=2628221015062552434&g_mp=Cidnb29nbGUubWFwcy5wbGFjZXMudjEuUGxhY2VzLlNlYXJjaFRleHQQAhgEIAA","IT","0.94","2026-04-24T05:12:29.801Z"
"cmp-2690a6d8","Ittechnica Inc","1825 W Walnut Hill Ln #120, Irving, TX 75038, USA","Irving","TX","(774) 271-7831","http://www.ittechnica.com","google_places","https://maps.google.com/?cid=3612437367703657308&g_mp=Cidnb29nbGUubWFwcy5wbGFjZXMudjEuUGxhY2VzLlNlYXJjaFRleHQQAhgEIAA","IT","0.94","2026-04-24T05:12:29.801Z"
"cmp-23340a12","Qts Irving-Dallas","6431 Longhorn Dr, Irving, TX 75063, USA","Irving","TX","(972) 518-9760","","google_places","https://maps.google.com/?cid=4015382165578827883&g_mp=Cidnb29nbGUubWFwcy5wbGFjZXMudjEuUGxhY2VzLlNlYXJjaFRleHQQAhgEIAA","IT","0.94","2026-04-24T05:12:29.801Z"
"cmp-3228e8b0","Coforge Limited","433 E Las Colinas Blvd #1300, Irving, TX 75039, USA","Irving","TX","(469) 673-3443","https://www.cigniti.com","google_places","https://maps.google.com/?cid=6494060984466791484&g_mp=Cidnb29nbGUubWFwcy5wbGFjZXMudjEuUGxhY2VzLlNlYXJjaFRleHQQAhgEIAA","IT","0.94","2026-04-24T05:12:29.801Z"
"cmp-9a2a0ef4","Nexttech Itc","1712 E State Hwy 356, Irving, TX 75060, USA","Irving","TX","(682) 283-3319","","google_places","https://maps.google.com/?cid=3276110524728584346&g_mp=Cidnb29nbGUubWFwcy5wbGFjZXMudjEuUGxhY2VzLlNlYXJjaFRleHQQAhgEIAA","IT","0.94","2026-04-24T05:12:29.801Z"
"cmp-399b6fc4","It Goat","5005 Lyndon B Johnson Fwy Suite 1550, Dallas, TX 75244, USA","Irving","TX","(833) 348-4628","https://www.itgoat.com/?utm_source=gmb","google_places","https://maps.google.com/?cid=3044130222740178684&g_mp=Cidnb29nbGUubWFwcy5wbGFjZXMudjEuUGxhY2VzLlNlYXJjaFRleHQQAhgEIAA","IT","0.94","2026-04-24T05:12:29.801Z"
"cmp-e80e8eb1","Ncc Data","4320 N Belt Line Rd First Floor, Suite 315, Irving, TX 75038, USA","Irving","TX","(682) 710-0210","https://nccdata.com/managed-it-services-irving","google_places","https://maps.google.com/?cid=10948421264411628973&g_mp=Cidnb29nbGUubWFwcy5wbGFjZXMudjEuUGxhY2VzLlNlYXJjaFRleHQQAhgEIAA","IT","0.94","2026-04-24T05:12:29.801Z"
"cmp-eab67c82","It Primeinc LLC","5005 W Royal Ln # 240, Irving, TX 75063, USA","Irving","TX","(469) 751-7343","https://www.itprimeinc.net","google_places","https://maps.google.com/?cid=9782067750506454950&g_mp=Cidnb29nbGUubWFwcy5wbGFjZXMudjEuUGxhY2VzLlNlYXJjaFRleHQQAhgEIAA","IT","0.94","2026-04-24T05:12:29.801Z"
"cmp-aaae0a81","Techinfo Services Inc","4425 W Airport Fwy suite 113, Irving, TX 75062, USA","Irving","TX","(469) 961-7060","https://techinfoservices.net","google_places","https://maps.google.com/?cid=1797513533743360171&g_mp=Cidnb29nbGUubWFwcy5wbGFjZXMudjEuUGxhY2VzLlNlYXJjaFRleHQQAhgEIAA","IT","0.94","2026-04-24T05:12:29.801Z"
"cmp-d35f0ab5","Quad It","9901 E Valley Ranch Pkwy, Irving, TX 75063, USA","Irving","TX","(469) 250-4743","http://www.quaditinc.com/contact","google_places","https://maps.google.com/?cid=14793096400547736147&g_mp=Cidnb29nbGUubWFwcy5wbGFjZXMudjEuUGxhY2VzLlNlYXJjaFRleHQQAhgEIAA","IT","0.94","2026-04-24T05:12:29.801Z"
"cmp-4969f0ff","Teamlogic It","4441 W Airport Fwy Ste 242, Irving, TX 75062, USA","Irving","TX","(972) 703-9984","https://www.teamlogicit.com/IrvingTX","google_places","https://maps.google.com/?cid=11277877391003768259&g_mp=Cidnb29nbGUubWFwcy5wbGFjZXMudjEuUGxhY2VzLlNlYXJjaFRleHQQAhgEIAA","IT","0.94","2026-04-24T05:12:29.801Z"
"cmp-4baefa42","Innocito Technologies LLC","511 E John W Carpenter Fwy # 500, Irving, TX 75062, USA","Irving","TX","(972) 719-2643","http://www.innocito.com","google_places","https://maps.google.com/?cid=3939340794912246210&g_mp=Cidnb29nbGUubWFwcy5wbGFjZXMudjEuUGxhY2VzLlNlYXJjaFRleHQQAhgEIAA","IT","0.94","2026-04-24T05:12:29.801Z"
"cmp-bcf1b372","Swift Technologies Inc","4950 N O'Connor Rd, Irving, TX 75062, USA","Irving","TX","(940) 946-5555","http://swifttechinc.com/contact","google_places","https://maps.google.com/?cid=10376380769284500625&g_mp=Cidnb29nbGUubWFwcy5wbGFjZXMudjEuUGxhY2VzLlNlYXJjaFRleHQQAhgEIAA","IT","0.94","2026-04-24T05:12:29.801Z"
"cmp-378207b6","Best Irving It Staffing Agencies","","Irving","TX","","https://www.clearlyrated.com/staffing/it-engineering-staffing/information-technology-staffing/tx-usa/irving-tx","fallback_search","https://www.clearlyrated.com/staffing/it-engineering-staffing/information-technology-staffing/tx-usa/irving-tx","IT","0.86","2026-04-24T05:12:29.801Z"
"cmp-63befaaf","Itcompanies","","Irving","TX","","https://itcompanies.net/irving","fallback_search","https://itcompanies.net/irving","IT","0.74","2026-04-24T05:12:29.802Z"
"cmp-db6b2697","Austin Staffing, Inc","1811 N Austin Ave Ste 202, Georgetown, TX 78626, USA","Austin","TX","(512) 647-8233","http://www.austinstaffing.net","google_places","https://maps.google.com/?cid=10546166992564972120&g_mp=Cidnb29nbGUubWFwcy5wbGFjZXMudjEuUGxhY2VzLlNlYXJjaFRleHQQAhgEIAA","IT staffing","0.94","2026-04-24T21:32:02.822Z"
"ChIJo9RDfMQ0W4YRkZmanbcfyv0","Technology Navigators","6300 Bridge Point Parkway, Building 1, Suite 420, Austin, TX 78730","Austin","TX","(512) 637-9881","http://www.technologynavigators.com","serp_api","https://serpapi.com/search.json?engine=google_maps&google_domain=google.com&hl=en&place_id=ChIJo9RDfMQ0W4YRkZmanbcfyv0","IT staffing","0.88","2026-04-24T21:32:02.822Z"
"ChIJKabdEQ-1RIYR3JW9rH7iP-A","Austin Fraser","500 W 2nd St Suite 1400, Austin, TX 78701","Austin","TX","(512) 823-0011","","serp_api","https://serpapi.com/search.json?engine=google_maps&google_domain=google.com&hl=en&place_id=ChIJKabdEQ-1RIYR3JW9rH7iP-A","IT staffing","0.88","2026-04-24T21:32:02.822Z"
"ChIJRyuWeGvLRIYRF4sPqpSGDO4","Devsdata It Recruitment Austin Texas - It Staffing","3571 Far W Blvd #16, Austin, TX 78731","Austin","TX","","https://devsdata.com","serp_api","https://serpapi.com/search.json?engine=google_maps&google_domain=google.com&hl=en&place_id=ChIJRyuWeGvLRIYRF4sPqpSGDO4","IT staffing","0.88","2026-04-24T21:32:02.822Z"
"ChIJE2vE2gm1RIYR_HLceCvHT5A","Betts Recruiting","515 N Congress Ave #1450, Austin, TX 78701","Austin","TX","(512) 649-1945","https://bettsrecruiting.com/austin-tx","serp_api","https://serpapi.com/search.json?engine=google_maps&google_domain=google.com&hl=en&place_id=ChIJE2vE2gm1RIYR_HLceCvHT5A","IT staffing","0.88","2026-04-24T21:32:02.822Z"
"ChIJVVVVVVi0RIYRw05XRwdEH6c","Integrity Trade Services LLC","2101 I-35 STE 121, Austin, TX 78741","Austin","TX","(512) 992-0615","http://integritytradeservices.com","serp_api","https://serpapi.com/search.json?engine=google_maps&google_domain=google.com&hl=en&place_id=ChIJVVVVVVi0RIYRw05XRwdEH6c","IT staffing","0.88","2026-04-24T21:32:02.823Z"
"cmp-e14f6c21","Gsgtalentsolutions","","Austin","TX","","https://www.gsgtalentsolutions.com/specialties/it-staffing","fallback_search","https://www.gsgtalentsolutions.com/specialties/it-staffing/","IT staffing","0.86","2026-04-24T21:32:02.823Z"
"cmp-9901bd68","Talenthoundsolutions","","Austin","TX","","https://talenthoundsolutions.com","fallback_search","https://talenthoundsolutions.com/","IT staffing","0.86","2026-04-24T21:32:02.823Z"
"cmp-a38646b9","Burnettspecialists","","Austin","TX","","https://burnettspecialists.com/austin-staffing-agency-professional-recruiting-firm/austin-it","fallback_search","https://burnettspecialists.com/austin-staffing-agency-professional-recruiting-firm/austin-it/","IT staffing","0.86","2026-04-24T21:32:02.823Z"
"cmp-6d3b28ff","Neosconsulting","","Austin","TX","","https://www.neosconsulting.com","fallback_search","https://www.neosconsulting.com/","IT staffing","0.86","2026-04-24T21:32:02.823Z"
"cmp-df415530","Austin, Texas It Staffing, Recruitment And Consulting Agency","12,000 employees and 70 locations worldwide, including right here in Austin, Texas.","Austin","TX","","https://dexian.com/about-us/locations/austin-texas","fallback_search","https://dexian.com/about-us/locations/austin-texas/","IT staffing","0.86","2026-04-24T21:32:02.823Z"
"cmp-2206999b","Profocustechnology","","Austin","TX","","https://www.profocustechnology.com/locations/austin","fallback_search","https://www.profocustechnology.com/locations/austin/","IT staffing","0.86","2026-04-24T21:32:02.823Z"
"cmp-8100cf76","Supersourcing","","Austin","TX","","https://supersourcing.com/blog/top-it-staffing-companies-in-austin-texas-2026","fallback_search","https://supersourcing.com/blog/top-it-staffing-companies-in-austin-texas-2026/","IT staffing","0.86","2026-04-24T21:32:02.823Z"
"cmp-6ea4ffea","Gotoagile","","Austin","TX","","https://www.gotoagile.com/locations/it-staffing-austin","fallback_search","https://www.gotoagile.com/locations/it-staffing-austin/","IT staffing","0.86","2026-04-24T21:32:02.823Z"
"cmp-b4f11287","Sciontechnical","","Austin","TX","","https://sciontechnical.com/it-staffing-austin-tx","fallback_search","https://sciontechnical.com/it-staffing-austin-tx/","IT staffing","0.72","2026-04-24T21:32:02.823Z"
"cmp-9932d4c5","Apollotechnical","","Austin","TX","","https://www.apollotechnical.com/store-page/it-recruitment-austin","fallback_search","https://www.apollotechnical.com/store-page/it-recruitment-austin/","IT staffing","0.86","2026-04-24T21:32:02.823Z"
"cmp-4b92538b","It Business Consulting Dallas | It Staffing Texas","6565 N MacArthur Blvd #225, Irving, TX 75039, USA","Dallas","TX","(214) 432-2464","http://ussoftllc.com/contact.php","google_places","https://maps.google.com/?cid=15375808547259550617&g_mp=Cidnb29nbGUubWFwcy5wbGFjZXMudjEuUGxhY2VzLlNlYXJjaFRleHQQAhgEIAA","IT staffing IT staffing staffing agency recruiting firm IT consulting technology services talent solutions workforce solutions vendor consulting company","0.94","2026-04-25T04:40:38.513Z"
"cmp-841b3611","Istaff Solutions","7800 N Stemmons Fwy, Dallas, TX 75247, USA","Dallas","TX","(866) 493-5280","https://istaffsolutions.org","google_places","https://maps.google.com/?cid=14759666391727717223&g_mp=Cidnb29nbGUubWFwcy5wbGFjZXMudjEuUGxhY2VzLlNlYXJjaFRleHQQAhgEIAA","IT staffing IT staffing staffing agency recruiting firm IT consulting technology services talent solutions workforce solutions vendor consulting company","0.94","2026-04-25T04:40:38.514Z"
"cmp-5016bde5","Dallas It Staffing And Consulting - Valintry","1333 W McDermott Dr # 200, Allen, TX 75013, USA","Dallas","TX","(972) 370-3040","","google_places","https://maps.google.com/?cid=5284297619265612593&g_mp=Cidnb29nbGUubWFwcy5wbGFjZXMudjEuUGxhY2VzLlNlYXJjaFRleHQQAhgEIAA","IT staffing IT staffing staffing agency recruiting firm IT consulting technology services talent solutions workforce solutions vendor consulting company","0.94","2026-04-25T04:40:38.514Z"
"cmp-5cb11c6e","Cxc Talent Solutions","2701 Dallas Pkwy Suite 380, Plano, TX 75093, USA","Dallas","TX","(972) 331-9988","http://www.cxctalent.com","google_places","https://maps.google.com/?cid=10093870915527708637&g_mp=Cidnb29nbGUubWFwcy5wbGFjZXMudjEuUGxhY2VzLlNlYXJjaFRleHQQAhgEIAA","IT staffing IT staffing staffing agency recruiting firm IT consulting technology services talent solutions workforce solutions vendor consulting company","0.94","2026-04-25T04:40:38.514Z"
"cmp-b2ccb75b","Techforce Staffing, Inc.","101 E Park Blvd Suite 600, Plano, TX 75074, USA","Dallas","TX","(972) 544-7838","https://techforcestaffinginc.com","google_places","https://maps.google.com/?cid=4782674154842237381&g_mp=Cidnb29nbGUubWFwcy5wbGFjZXMudjEuUGxhY2VzLlNlYXJjaFRleHQQAhgEIAA","IT staffing IT staffing staffing agency recruiting firm IT consulting technology services talent solutions workforce solutions vendor consulting company","0.94","2026-04-25T04:40:38.514Z"
"cmp-f11a5bf9","Tech Brand Staffing LLC","3500 North Star Road, Richardson, TX 75082, USA","Dallas","TX","(469) 880-0656","https://techbrandstaffing.com","google_places","https://maps.google.com/?cid=15213042578040440569&g_mp=Cidnb29nbGUubWFwcy5wbGFjZXMudjEuUGxhY2VzLlNlYXJjaFRleHQQAhgEIAA","IT staffing IT staffing staffing agency recruiting firm IT consulting technology services talent solutions workforce solutions vendor consulting company","0.94","2026-04-25T04:40:38.514Z"
"cmp-ea7b3512","Trc Talent Solutions","4100 Alpha Rd # 111, Dallas, TX 75244, USA","Dallas","TX","(972) 960-1301","https://trctalent.com/locations/dallas-tx","google_places","https://maps.google.com/?cid=5691703800436761383&g_mp=Cidnb29nbGUubWFwcy5wbGFjZXMudjEuUGxhY2VzLlNlYXJjaFRleHQQAhgEIAA","IT staffing IT staffing staffing agency recruiting firm IT consulting technology services talent solutions workforce solutions vendor consulting company","0.94","2026-04-25T04:40:38.514Z"
"cmp-e3bcc8c9","Infinity Consulting Solutions - Dallas","15770 Dallas Pkwy, Dallas, TX 75248, USA","Dallas","TX","(214) 960-3100","https://www.infinity-cs.com/contact/dallas-it-staffing-agency/?utm_source=gmblisting&utm_medium=organic&utm_campaign=dallas","google_places","https://maps.google.com/?cid=5653705493016259110&g_mp=Cidnb29nbGUubWFwcy5wbGFjZXMudjEuUGxhY2VzLlNlYXJjaFRleHQQAhgEIAA","IT staffing IT staffing staffing agency recruiting firm IT consulting technology services talent solutions workforce solutions vendor consulting company","0.94","2026-04-25T04:40:38.514Z"
"cmp-e4c99d7c","Job&Talent","1342 Inwood Rd, Dallas, TX 75247, USA","Dallas","TX","(214) 905-9477","https://www.jobandtalent.com","google_places","https://maps.google.com/?cid=15228881218716870359&g_mp=Cidnb29nbGUubWFwcy5wbGFjZXMudjEuUGxhY2VzLlNlYXJjaFRleHQQAhgEIAA","IT staffing IT staffing staffing agency recruiting firm IT consulting technology services talent solutions workforce solutions vendor consulting company","0.94","2026-04-25T04:40:38.514Z"
"cmp-5615989d","Advanced Resource Staffing, Inc.","2695 Villa Creek Dr, Suite #B130, Dallas, TX 75234, USA","Dallas","TX","(510) 380-6876","","google_places","https://maps.google.com/?cid=642763580993325906&g_mp=Cidnb29nbGUubWFwcy5wbGFjZXMudjEuUGxhY2VzLlNlYXJjaFRleHQQAhgEIAA","IT staffing IT staffing staffing agency recruiting firm IT consulting technology services talent solutions workforce solutions vendor consulting company","0.94","2026-04-25T04:40:38.514Z"
"cmp-ff83707e","Choice Specialists","1341 W Mockingbird Ln Suit 600W, Dallas, TX 75247, USA","Dallas","TX","(214) 823-5057","https://choicespecialists.com","google_places","https://maps.google.com/?cid=4082951869034214464&g_mp=Cidnb29nbGUubWFwcy5wbGFjZXMudjEuUGxhY2VzLlNlYXJjaFRleHQQAhgEIAA","IT staffing IT staffing staffing agency recruiting firm IT consulting technology services talent solutions workforce solutions vendor consulting company","0.94","2026-04-25T04:40:38.514Z"
"cmp-70fed98b","Recruiting Solutions Inc","3553 Chellen Dr, Dallas, TX 75234, USA","Dallas","TX","(972) 280-9700","","google_places","https://maps.google.com/?cid=13477099442719254902&g_mp=Cidnb29nbGUubWFwcy5wbGFjZXMudjEuUGxhY2VzLlNlYXJjaFRleHQQAhgEIAA","IT staffing IT staffing staffing agency recruiting firm IT consulting technology services talent solutions workforce solutions vendor consulting company","0.94","2026-04-25T04:40:38.514Z"
"cmp-e2e6bd2f","Scion Staffing","2550 Pacific Ave #700, Dallas, TX 75226, USA","Dallas","TX","(469) 998-2262","https://scionstaffing.com/dallas","google_places","https://maps.google.com/?cid=8016583179289144807&g_mp=Cidnb29nbGUubWFwcy5wbGFjZXMudjEuUGxhY2VzLlNlYXJjaFRleHQQAhgEIAA","IT staffing IT staffing staffing agency recruiting firm IT consulting technology services talent solutions workforce solutions vendor consulting company","0.94","2026-04-25T04:40:38.514Z"
"cmp-3cc6942f","It Staffing Services","14875 Landmark Blvd #100, Dallas, TX 75254, USA","Dallas","TX","(214) 245-4580","","google_places","https://maps.google.com/?cid=5855334821247845464&g_mp=Cidnb29nbGUubWFwcy5wbGFjZXMudjEuUGxhY2VzLlNlYXJjaFRleHQQAhgEIAA","IT staffing IT staffing staffing agency recruiting firm IT consulting technology services talent solutions workforce solutions vendor consulting company","0.94","2026-04-25T04:40:38.514Z"
"cmp-ef2fce37","Staff Pro Workforce Solutions","4100 Spring Valley Rd Suite 305, Dallas, TX 75244, USA","Dallas","TX","(469) 364-7681","https://www.staffproworkforce.com","google_places","https://maps.google.com/?cid=2390693890932526011&g_mp=Cidnb29nbGUubWFwcy5wbGFjZXMudjEuUGxhY2VzLlNlYXJjaFRleHQQAhgEIAA","IT staffing IT staffing staffing agency recruiting firm IT consulting technology services talent solutions workforce solutions vendor consulting company","0.94","2026-04-25T04:40:38.514Z"
"cmp-bbe1e075","Workits LLC","14860 Montfort Dr Ste 210, Dallas, TX 75254, USA","Dallas","TX","(866) 254-3037","","google_places","https://maps.google.com/?cid=14250238025363023480&g_mp=Cidnb29nbGUubWFwcy5wbGFjZXMudjEuUGxhY2VzLlNlYXJjaFRleHQQAhgEIAA","IT staffing IT staffing staffing agency recruiting firm IT consulting technology services talent solutions workforce solutions vendor consulting company","0.94","2026-04-25T04:40:38.515Z"
"cmp-55217213","Gsg Talent Solutions","1015 Norwood Park Blvd, Austin, TX 78753, USA","Austin","TX","(512) 637-7106","https://www.gsgtalentsolutions.com","google_places","https://maps.google.com/?cid=13299902051936173266&g_mp=Cidnb29nbGUubWFwcy5wbGFjZXMudjEuUGxhY2VzLlNlYXJjaFRleHQQAhgEIAA","IT staffing IT staffing staffing agency recruiting firm IT consulting technology services talent solutions workforce solutions vendor consulting company","0.94","2026-04-25T04:40:39.313Z"
"cmp-46fdf5f3","Recruiters Workforce","5900 Balcones Dr STE 14982, Austin, TX 78731, USA","Austin","TX","(512) 200-2912","https://recruiterswf.com","google_places","https://maps.google.com/?cid=15541513664605217585&g_mp=Cidnb29nbGUubWFwcy5wbGFjZXMudjEuUGxhY2VzLlNlYXJjaFRleHQQAhgEIAA","IT staffing IT staffing staffing agency recruiting firm IT consulting technology services talent solutions workforce solutions vendor consulting company","0.94","2026-04-25T04:40:39.313Z"
"cmp-d165b1e6","Workforce Solutions Capital Area","3401 Webberville Rd #1000, Austin, TX 78702, USA","Austin","TX","(512) 381-4200","http://www.wfscapitalarea.com","google_places","https://maps.google.com/?cid=16080707295566142293&g_mp=Cidnb29nbGUubWFwcy5wbGFjZXMudjEuUGxhY2VzLlNlYXJjaFRleHQQAhgEIAA","IT staffing IT staffing staffing agency recruiting firm IT consulting technology services talent solutions workforce solutions vendor consulting company","0.94","2026-04-25T04:40:39.314Z"
"cmp-8a6377e4","Tarvos Talent LLC","11044 Research Blvd Suite C-200, Austin, TX 78759, USA","Austin","TX","(512) 828-6700","http://www.tarvostalent.com","google_places","https://maps.google.com/?cid=6783598163551383333&g_mp=Cidnb29nbGUubWFwcy5wbGFjZXMudjEuUGxhY2VzLlNlYXJjaFRleHQQAhgEIAA","IT staffing IT staffing staffing agency recruiting firm IT consulting technology services talent solutions workforce solutions vendor consulting company","0.94","2026-04-25T04:40:39.314Z"
"cmp-8cdd1f45","Work Force Staffing","10713 N FM 620, Austin, TX 78726, USA","Austin","TX","(737) 272-9390","https://workforcestaffing.us/contact","google_places","https://maps.google.com/?cid=15975682202946803205&g_mp=Cidnb29nbGUubWFwcy5wbGFjZXMudjEuUGxhY2VzLlNlYXJjaFRleHQQAhgEIAA","IT staffing IT staffing staffing agency recruiting firm IT consulting technology services talent solutions workforce solutions vendor consulting company","0.94","2026-04-25T04:40:39.314Z"
"cmp-fb16cbd1","Ics Staffing Texas","2000 Royal Ln Suite 100, Dallas, TX 75229, USA","Austin","TX","(214) 758-0405","https://www.icscontractors.net","google_places","https://maps.google.com/?cid=3343249948467155046&g_mp=Cidnb29nbGUubWFwcy5wbGFjZXMudjEuUGxhY2VzLlNlYXJjaFRleHQQAhgEIAA","IT staffing IT staffing staffing agency recruiting firm IT consulting technology services talent solutions workforce solutions vendor consulting company","0.94","2026-04-25T04:40:39.314Z"
"cmp-b1f42acc","Azure Talent Solutions Group","2300 Valley View Ln ste 420, Irving, TX 75062, USA","Houston","TX","(214) 997-5137","https://azureworkforce.com","google_places","https://maps.google.com/?cid=6752965606947841293&g_mp=Cidnb29nbGUubWFwcy5wbGFjZXMudjEuUGxhY2VzLlNlYXJjaFRleHQQAhgEIAA","IT staffing IT staffing staffing agency recruiting firm IT consulting technology services talent solutions workforce solutions vendor consulting company","0.94","2026-04-25T04:40:39.912Z"
"cmp-ff91d6f4","Hireteq Solutions Inc.","511 E John W Carpenter Fwy # 500, Irving, TX 75062, USA","Houston","TX","(469) 701-0211","http://hireteq.com","google_places","https://maps.google.com/?cid=17218956162578893823&g_mp=Cidnb29nbGUubWFwcy5wbGFjZXMudjEuUGxhY2VzLlNlYXJjaFRleHQQAhgEIAA","IT staffing IT staffing staffing agency recruiting firm IT consulting technology services talent solutions workforce solutions vendor consulting company","0.94","2026-04-25T04:40:39.913Z"
"cmp-8f609053","Technology Recruiting Solutions","19 S Briar Hollow Ln, Houston, TX 77027, USA","Houston","TX","(713) 532-4949","http://www.technologyrecruiting.com","google_places","https://maps.google.com/?cid=8056635946383801384&g_mp=Cidnb29nbGUubWFwcy5wbGFjZXMudjEuUGxhY2VzLlNlYXJjaFRleHQQAhgEIAA","IT staffing IT staffing staffing agency recruiting firm IT consulting technology services talent solutions workforce solutions vendor consulting company","0.94","2026-04-25T04:40:39.913Z"